Analysis & Synthesis report for low_pass_filter
Mon Nov 17 16:01:09 2025
Quartus Prime Version 18.1.0 Build 625 09/12/2018 SJ Lite Edition


---------------------
; Table of Contents ;
---------------------
  1. Legal Notice
  2. Analysis & Synthesis Summary
  3. Analysis & Synthesis Settings
  4. Parallel Compilation
  5. Analysis & Synthesis Source Files Read
  6. Analysis & Synthesis Resource Usage Summary
  7. Analysis & Synthesis Resource Utilization by Entity
  8. Analysis & Synthesis DSP Block Usage Summary
  9. Analysis & Synthesis IP Cores Summary
 10. General Register Statistics
 11. Parameter Settings for User Entity Instance: mult:\mult_generation:0:mult_inst|lpm_mult:lpm_mult_component
 12. Parameter Settings for User Entity Instance: mult:\mult_generation:1:mult_inst|lpm_mult:lpm_mult_component
 13. Parameter Settings for User Entity Instance: mult:\mult_generation:2:mult_inst|lpm_mult:lpm_mult_component
 14. Parameter Settings for User Entity Instance: mult:\mult_generation:3:mult_inst|lpm_mult:lpm_mult_component
 15. Parameter Settings for User Entity Instance: mult:\mult_generation:4:mult_inst|lpm_mult:lpm_mult_component
 16. Parameter Settings for User Entity Instance: mult:\mult_generation:5:mult_inst|lpm_mult:lpm_mult_component
 17. Parameter Settings for User Entity Instance: mult:\mult_generation:6:mult_inst|lpm_mult:lpm_mult_component
 18. Parameter Settings for User Entity Instance: mult:\mult_generation:7:mult_inst|lpm_mult:lpm_mult_component
 19. Parameter Settings for User Entity Instance: mult:\mult_generation:8:mult_inst|lpm_mult:lpm_mult_component
 20. Parameter Settings for User Entity Instance: mult:\mult_generation:9:mult_inst|lpm_mult:lpm_mult_component
 21. Parameter Settings for User Entity Instance: mult:\mult_generation:10:mult_inst|lpm_mult:lpm_mult_component
 22. Parameter Settings for User Entity Instance: mult:\mult_generation:11:mult_inst|lpm_mult:lpm_mult_component
 23. Parameter Settings for User Entity Instance: mult:\mult_generation:12:mult_inst|lpm_mult:lpm_mult_component
 24. Parameter Settings for User Entity Instance: mult:\mult_generation:13:mult_inst|lpm_mult:lpm_mult_component
 25. Parameter Settings for User Entity Instance: mult:\mult_generation:14:mult_inst|lpm_mult:lpm_mult_component
 26. Parameter Settings for User Entity Instance: mult:\mult_generation:15:mult_inst|lpm_mult:lpm_mult_component
 27. Parameter Settings for User Entity Instance: mult:\mult_generation:16:mult_inst|lpm_mult:lpm_mult_component
 28. lpm_mult Parameter Settings by Entity Instance
 29. Port Connectivity Checks: "mult:\mult_generation:16:mult_inst"
 30. Port Connectivity Checks: "mult:\mult_generation:15:mult_inst"
 31. Port Connectivity Checks: "mult:\mult_generation:14:mult_inst"
 32. Port Connectivity Checks: "mult:\mult_generation:13:mult_inst"
 33. Port Connectivity Checks: "mult:\mult_generation:12:mult_inst"
 34. Port Connectivity Checks: "mult:\mult_generation:11:mult_inst"
 35. Port Connectivity Checks: "mult:\mult_generation:10:mult_inst"
 36. Port Connectivity Checks: "mult:\mult_generation:9:mult_inst"
 37. Port Connectivity Checks: "mult:\mult_generation:8:mult_inst"
 38. Port Connectivity Checks: "mult:\mult_generation:7:mult_inst"
 39. Port Connectivity Checks: "mult:\mult_generation:6:mult_inst"
 40. Port Connectivity Checks: "mult:\mult_generation:5:mult_inst"
 41. Port Connectivity Checks: "mult:\mult_generation:4:mult_inst"
 42. Port Connectivity Checks: "mult:\mult_generation:3:mult_inst"
 43. Port Connectivity Checks: "mult:\mult_generation:2:mult_inst"
 44. Port Connectivity Checks: "mult:\mult_generation:1:mult_inst"
 45. Port Connectivity Checks: "mult:\mult_generation:0:mult_inst"
 46. Post-Synthesis Netlist Statistics for Top Partition
 47. Elapsed Time Per Partition
 48. Analysis & Synthesis Messages



----------------
; Legal Notice ;
----------------
Copyright (C) 2018  Intel Corporation. All rights reserved.
Your use of Intel Corporation's design tools, logic functions 
and other software and tools, and its AMPP partner logic 
functions, and any output files from any of the foregoing 
(including device programming or simulation files), and any 
associated documentation or information are expressly subject 
to the terms and conditions of the Intel Program License 
Subscription Agreement, the Intel Quartus Prime License Agreement,
the Intel FPGA IP License Agreement, or other applicable license
agreement, including, without limitation, that your use is for
the sole purpose of programming logic devices manufactured by
Intel and sold by Intel or its authorized distributors.  Please
refer to the applicable agreement for further details.



+-------------------------------------------------------------------------------+
; Analysis & Synthesis Summary                                                  ;
+---------------------------------+---------------------------------------------+
; Analysis & Synthesis Status     ; Successful - Mon Nov 17 16:01:09 2025       ;
; Quartus Prime Version           ; 18.1.0 Build 625 09/12/2018 SJ Lite Edition ;
; Revision Name                   ; low_pass_filter                             ;
; Top-level Entity Name           ; low_pass_filter                             ;
; Family                          ; Cyclone V                                   ;
; Logic utilization (in ALMs)     ; N/A                                         ;
; Total registers                 ; 288                                         ;
; Total pins                      ; 35                                          ;
; Total virtual pins              ; 0                                           ;
; Total block memory bits         ; 0                                           ;
; Total DSP Blocks                ; 16                                          ;
; Total HSSI RX PCSs              ; 0                                           ;
; Total HSSI PMA RX Deserializers ; 0                                           ;
; Total HSSI TX PCSs              ; 0                                           ;
; Total HSSI PMA TX Serializers   ; 0                                           ;
; Total PLLs                      ; 0                                           ;
; Total DLLs                      ; 0                                           ;
+---------------------------------+---------------------------------------------+


+---------------------------------------------------------------------------------------------------------------------------+
; Analysis & Synthesis Settings                                                                                             ;
+---------------------------------------------------------------------------------+--------------------+--------------------+
; Option                                                                          ; Setting            ; Default Value      ;
+---------------------------------------------------------------------------------+--------------------+--------------------+
; Device                                                                          ; 5CSEMA5F31C6       ;                    ;
; Top-level entity name                                                           ; low_pass_filter    ; low_pass_filter    ;
; Family name                                                                     ; Cyclone V          ; Cyclone V          ;
; Use smart compilation                                                           ; Off                ; Off                ;
; Enable parallel Assembler and Timing Analyzer during compilation                ; On                 ; On                 ;
; Enable compact report table                                                     ; Off                ; Off                ;
; Restructure Multiplexers                                                        ; Auto               ; Auto               ;
; MLAB Add Timing Constraints For Mixed-Port Feed-Through Mode Setting Don't Care ; Off                ; Off                ;
; Create Debugging Nodes for IP Cores                                             ; Off                ; Off                ;
; Preserve fewer node names                                                       ; On                 ; On                 ;
; Intel FPGA IP Evaluation Mode                                                   ; Enable             ; Enable             ;
; Verilog Version                                                                 ; Verilog_2001       ; Verilog_2001       ;
; VHDL Version                                                                    ; VHDL_1993          ; VHDL_1993          ;
; State Machine Processing                                                        ; Auto               ; Auto               ;
; Safe State Machine                                                              ; Off                ; Off                ;
; Extract Verilog State Machines                                                  ; On                 ; On                 ;
; Extract VHDL State Machines                                                     ; On                 ; On                 ;
; Ignore Verilog initial constructs                                               ; Off                ; Off                ;
; Iteration limit for constant Verilog loops                                      ; 5000               ; 5000               ;
; Iteration limit for non-constant Verilog loops                                  ; 250                ; 250                ;
; Add Pass-Through Logic to Inferred RAMs                                         ; On                 ; On                 ;
; Infer RAMs from Raw Logic                                                       ; On                 ; On                 ;
; Parallel Synthesis                                                              ; On                 ; On                 ;
; DSP Block Balancing                                                             ; Auto               ; Auto               ;
; NOT Gate Push-Back                                                              ; On                 ; On                 ;
; Power-Up Don't Care                                                             ; On                 ; On                 ;
; Remove Redundant Logic Cells                                                    ; Off                ; Off                ;
; Remove Duplicate Registers                                                      ; On                 ; On                 ;
; Ignore CARRY Buffers                                                            ; Off                ; Off                ;
; Ignore CASCADE Buffers                                                          ; Off                ; Off                ;
; Ignore GLOBAL Buffers                                                           ; Off                ; Off                ;
; Ignore ROW GLOBAL Buffers                                                       ; Off                ; Off                ;
; Ignore LCELL Buffers                                                            ; Off                ; Off                ;
; Ignore SOFT Buffers                                                             ; On                 ; On                 ;
; Limit AHDL Integers to 32 Bits                                                  ; Off                ; Off                ;
; Optimization Technique                                                          ; Balanced           ; Balanced           ;
; Carry Chain Length                                                              ; 70                 ; 70                 ;
; Auto Carry Chains                                                               ; On                 ; On                 ;
; Auto Open-Drain Pins                                                            ; On                 ; On                 ;
; Perform WYSIWYG Primitive Resynthesis                                           ; Off                ; Off                ;
; Auto ROM Replacement                                                            ; On                 ; On                 ;
; Auto RAM Replacement                                                            ; On                 ; On                 ;
; Auto DSP Block Replacement                                                      ; On                 ; On                 ;
; Auto Shift Register Replacement                                                 ; Auto               ; Auto               ;
; Allow Shift Register Merging across Hierarchies                                 ; Auto               ; Auto               ;
; Auto Clock Enable Replacement                                                   ; On                 ; On                 ;
; Strict RAM Replacement                                                          ; Off                ; Off                ;
; Allow Synchronous Control Signals                                               ; On                 ; On                 ;
; Force Use of Synchronous Clear Signals                                          ; Off                ; Off                ;
; Auto Resource Sharing                                                           ; Off                ; Off                ;
; Allow Any RAM Size For Recognition                                              ; Off                ; Off                ;
; Allow Any ROM Size For Recognition                                              ; Off                ; Off                ;
; Allow Any Shift Register Size For Recognition                                   ; Off                ; Off                ;
; Use LogicLock Constraints during Resource Balancing                             ; On                 ; On                 ;
; Ignore translate_off and synthesis_off directives                               ; Off                ; Off                ;
; Timing-Driven Synthesis                                                         ; On                 ; On                 ;
; Report Parameter Settings                                                       ; On                 ; On                 ;
; Report Source Assignments                                                       ; On                 ; On                 ;
; Report Connectivity Checks                                                      ; On                 ; On                 ;
; Ignore Maximum Fan-Out Assignments                                              ; Off                ; Off                ;
; Synchronization Register Chain Length                                           ; 3                  ; 3                  ;
; Power Optimization During Synthesis                                             ; Normal compilation ; Normal compilation ;
; HDL message level                                                               ; Level2             ; Level2             ;
; Suppress Register Optimization Related Messages                                 ; Off                ; Off                ;
; Number of Removed Registers Reported in Synthesis Report                        ; 5000               ; 5000               ;
; Number of Swept Nodes Reported in Synthesis Report                              ; 5000               ; 5000               ;
; Number of Inverted Registers Reported in Synthesis Report                       ; 100                ; 100                ;
; Clock MUX Protection                                                            ; On                 ; On                 ;
; Auto Gated Clock Conversion                                                     ; Off                ; Off                ;
; Block Design Naming                                                             ; Auto               ; Auto               ;
; SDC constraint protection                                                       ; Off                ; Off                ;
; Synthesis Effort                                                                ; Auto               ; Auto               ;
; Shift Register Replacement - Allow Asynchronous Clear Signal                    ; On                 ; On                 ;
; Pre-Mapping Resynthesis Optimization                                            ; Off                ; Off                ;
; Analysis & Synthesis Message Level                                              ; Medium             ; Medium             ;
; Disable Register Merging Across Hierarchies                                     ; Auto               ; Auto               ;
; Resource Aware Inference For Block RAM                                          ; On                 ; On                 ;
; Automatic Parallel Synthesis                                                    ; On                 ; On                 ;
; Partial Reconfiguration Bitstream ID                                            ; Off                ; Off                ;
+---------------------------------------------------------------------------------+--------------------+--------------------+


+------------------------------------------+
; Parallel Compilation                     ;
+----------------------------+-------------+
; Processors                 ; Number      ;
+----------------------------+-------------+
; Number detected on machine ; 16          ;
; Maximum allowed            ; 16          ;
;                            ;             ;
; Average used               ; 1.00        ;
; Maximum used               ; 16          ;
;                            ;             ;
; Usage by Processor         ; % Time Used ;
;     Processor 1            ; 100.0%      ;
;     Processor 2            ;   0.0%      ;
;     Processor 3            ;   0.0%      ;
;     Processor 4            ;   0.0%      ;
;     Processor 5            ;   0.0%      ;
;     Processor 6            ;   0.0%      ;
;     Processor 7            ;   0.0%      ;
;     Processor 8            ;   0.0%      ;
;     Processors 9-16        ;   0.0%      ;
+----------------------------+-------------+


+-------------------------------------------------------------------------------------------------------------------------------------------------------------------------------------------------------------+
; Analysis & Synthesis Source Files Read                                                                                                                                                                      ;
+----------------------------------+-----------------+------------------------------+---------------------------------------------------------------------------------------------------------------+---------+
; File Name with User-Entered Path ; Used in Netlist ; File Type                    ; File Name with Absolute Path                                                                                  ; Library ;
+----------------------------------+-----------------+------------------------------+---------------------------------------------------------------------------------------------------------------+---------+
; mult.vhd                         ; yes             ; User Wizard-Generated File   ; C:/Users/Jeffrey T/Documents/RIT/RIT-Notes/RIT2025-26/0 CPET561/Labs/Lab8/low_pass_filter/mult.vhd            ;         ;
; low_pass_filter.vhd              ; yes             ; Auto-Found VHDL File         ; C:/Users/Jeffrey T/Documents/RIT/RIT-Notes/RIT2025-26/0 CPET561/Labs/Lab8/low_pass_filter/low_pass_filter.vhd ;         ;
; lpm_mult.tdf                     ; yes             ; Megafunction                 ; c:/intelfpga_lite/18.1/quartus/libraries/megafunctions/lpm_mult.tdf                                           ;         ;
; aglobal181.inc                   ; yes             ; Megafunction                 ; c:/intelfpga_lite/18.1/quartus/libraries/megafunctions/aglobal181.inc                                         ;         ;
; lpm_add_sub.inc                  ; yes             ; Megafunction                 ; c:/intelfpga_lite/18.1/quartus/libraries/megafunctions/lpm_add_sub.inc                                        ;         ;
; multcore.inc                     ; yes             ; Megafunction                 ; c:/intelfpga_lite/18.1/quartus/libraries/megafunctions/multcore.inc                                           ;         ;
; bypassff.inc                     ; yes             ; Megafunction                 ; c:/intelfpga_lite/18.1/quartus/libraries/megafunctions/bypassff.inc                                           ;         ;
; altshift.inc                     ; yes             ; Megafunction                 ; c:/intelfpga_lite/18.1/quartus/libraries/megafunctions/altshift.inc                                           ;         ;
; db/mult_71n.v                    ; yes             ; Auto-Generated Megafunction  ; C:/Users/Jeffrey T/Documents/RIT/RIT-Notes/RIT2025-26/0 CPET561/Labs/Lab8/low_pass_filter/db/mult_71n.v       ;         ;
+----------------------------------+-----------------+------------------------------+---------------------------------------------------------------------------------------------------------------+---------+


+---------------------------------------------------------+
; Analysis & Synthesis Resource Usage Summary             ;
+---------------------------------------------+-----------+
; Resource                                    ; Usage     ;
+---------------------------------------------+-----------+
; Estimate of Logic utilization (ALMs needed) ; 144       ;
;                                             ;           ;
; Combinational ALUT usage for logic          ; 0         ;
;     -- 7 input functions                    ; 0         ;
;     -- 6 input functions                    ; 0         ;
;     -- 5 input functions                    ; 0         ;
;     -- 4 input functions                    ; 0         ;
;     -- <=3 input functions                  ; 0         ;
;                                             ;           ;
; Dedicated logic registers                   ; 288       ;
;                                             ;           ;
; I/O pins                                    ; 35        ;
;                                             ;           ;
; Total DSP Blocks                            ; 16        ;
;                                             ;           ;
; Maximum fan-out node                        ; clk~input ;
; Maximum fan-out                             ; 288       ;
; Total fan-out                               ; 1490      ;
; Average fan-out                             ; 3.98      ;
+---------------------------------------------+-----------+


+---------------------------------------------------------------------------------------------------------------------------------------------------------------------------------------------------------------------------------------------------------------------------------------------+
; Analysis & Synthesis Resource Utilization by Entity                                                                                                                                                                                                                                         ;
+-----------------------------------------+---------------------+---------------------------+-------------------+------------+------+--------------+---------------------------------------------------------------------------------------------------------+-----------------+--------------+
; Compilation Hierarchy Node              ; Combinational ALUTs ; Dedicated Logic Registers ; Block Memory Bits ; DSP Blocks ; Pins ; Virtual Pins ; Full Hierarchy Name                                                                                     ; Entity Name     ; Library Name ;
+-----------------------------------------+---------------------+---------------------------+-------------------+------------+------+--------------+---------------------------------------------------------------------------------------------------------+-----------------+--------------+
; |low_pass_filter                        ; 0 (0)               ; 288 (288)                 ; 0                 ; 16         ; 35   ; 0            ; |low_pass_filter                                                                                        ; low_pass_filter ; work         ;
;    |mult:\mult_generation:10:mult_inst| ; 0 (0)               ; 0 (0)                     ; 0                 ; 1          ; 0    ; 0            ; |low_pass_filter|mult:\mult_generation:10:mult_inst                                                     ; mult            ; work         ;
;       |lpm_mult:lpm_mult_component|     ; 0 (0)               ; 0 (0)                     ; 0                 ; 1          ; 0    ; 0            ; |low_pass_filter|mult:\mult_generation:10:mult_inst|lpm_mult:lpm_mult_component                         ; lpm_mult        ; work         ;
;          |mult_71n:auto_generated|      ; 0 (0)               ; 0 (0)                     ; 0                 ; 1          ; 0    ; 0            ; |low_pass_filter|mult:\mult_generation:10:mult_inst|lpm_mult:lpm_mult_component|mult_71n:auto_generated ; mult_71n        ; work         ;
;    |mult:\mult_generation:11:mult_inst| ; 0 (0)               ; 0 (0)                     ; 0                 ; 1          ; 0    ; 0            ; |low_pass_filter|mult:\mult_generation:11:mult_inst                                                     ; mult            ; work         ;
;       |lpm_mult:lpm_mult_component|     ; 0 (0)               ; 0 (0)                     ; 0                 ; 1          ; 0    ; 0            ; |low_pass_filter|mult:\mult_generation:11:mult_inst|lpm_mult:lpm_mult_component                         ; lpm_mult        ; work         ;
;          |mult_71n:auto_generated|      ; 0 (0)               ; 0 (0)                     ; 0                 ; 1          ; 0    ; 0            ; |low_pass_filter|mult:\mult_generation:11:mult_inst|lpm_mult:lpm_mult_component|mult_71n:auto_generated ; mult_71n        ; work         ;
;    |mult:\mult_generation:12:mult_inst| ; 0 (0)               ; 0 (0)                     ; 0                 ; 1          ; 0    ; 0            ; |low_pass_filter|mult:\mult_generation:12:mult_inst                                                     ; mult            ; work         ;
;       |lpm_mult:lpm_mult_component|     ; 0 (0)               ; 0 (0)                     ; 0                 ; 1          ; 0    ; 0            ; |low_pass_filter|mult:\mult_generation:12:mult_inst|lpm_mult:lpm_mult_component                         ; lpm_mult        ; work         ;
;          |mult_71n:auto_generated|      ; 0 (0)               ; 0 (0)                     ; 0                 ; 1          ; 0    ; 0            ; |low_pass_filter|mult:\mult_generation:12:mult_inst|lpm_mult:lpm_mult_component|mult_71n:auto_generated ; mult_71n        ; work         ;
;    |mult:\mult_generation:13:mult_inst| ; 0 (0)               ; 0 (0)                     ; 0                 ; 1          ; 0    ; 0            ; |low_pass_filter|mult:\mult_generation:13:mult_inst                                                     ; mult            ; work         ;
;       |lpm_mult:lpm_mult_component|     ; 0 (0)               ; 0 (0)                     ; 0                 ; 1          ; 0    ; 0            ; |low_pass_filter|mult:\mult_generation:13:mult_inst|lpm_mult:lpm_mult_component                         ; lpm_mult        ; work         ;
;          |mult_71n:auto_generated|      ; 0 (0)               ; 0 (0)                     ; 0                 ; 1          ; 0    ; 0            ; |low_pass_filter|mult:\mult_generation:13:mult_inst|lpm_mult:lpm_mult_component|mult_71n:auto_generated ; mult_71n        ; work         ;
;    |mult:\mult_generation:14:mult_inst| ; 0 (0)               ; 0 (0)                     ; 0                 ; 1          ; 0    ; 0            ; |low_pass_filter|mult:\mult_generation:14:mult_inst                                                     ; mult            ; work         ;
;       |lpm_mult:lpm_mult_component|     ; 0 (0)               ; 0 (0)                     ; 0                 ; 1          ; 0    ; 0            ; |low_pass_filter|mult:\mult_generation:14:mult_inst|lpm_mult:lpm_mult_component                         ; lpm_mult        ; work         ;
;          |mult_71n:auto_generated|      ; 0 (0)               ; 0 (0)                     ; 0                 ; 1          ; 0    ; 0            ; |low_pass_filter|mult:\mult_generation:14:mult_inst|lpm_mult:lpm_mult_component|mult_71n:auto_generated ; mult_71n        ; work         ;
;    |mult:\mult_generation:15:mult_inst| ; 0 (0)               ; 0 (0)                     ; 0                 ; 1          ; 0    ; 0            ; |low_pass_filter|mult:\mult_generation:15:mult_inst                                                     ; mult            ; work         ;
;       |lpm_mult:lpm_mult_component|     ; 0 (0)               ; 0 (0)                     ; 0                 ; 1          ; 0    ; 0            ; |low_pass_filter|mult:\mult_generation:15:mult_inst|lpm_mult:lpm_mult_component                         ; lpm_mult        ; work         ;
;          |mult_71n:auto_generated|      ; 0 (0)               ; 0 (0)                     ; 0                 ; 1          ; 0    ; 0            ; |low_pass_filter|mult:\mult_generation:15:mult_inst|lpm_mult:lpm_mult_component|mult_71n:auto_generated ; mult_71n        ; work         ;
;    |mult:\mult_generation:16:mult_inst| ; 0 (0)               ; 0 (0)                     ; 0                 ; 1          ; 0    ; 0            ; |low_pass_filter|mult:\mult_generation:16:mult_inst                                                     ; mult            ; work         ;
;       |lpm_mult:lpm_mult_component|     ; 0 (0)               ; 0 (0)                     ; 0                 ; 1          ; 0    ; 0            ; |low_pass_filter|mult:\mult_generation:16:mult_inst|lpm_mult:lpm_mult_component                         ; lpm_mult        ; work         ;
;          |mult_71n:auto_generated|      ; 0 (0)               ; 0 (0)                     ; 0                 ; 1          ; 0    ; 0            ; |low_pass_filter|mult:\mult_generation:16:mult_inst|lpm_mult:lpm_mult_component|mult_71n:auto_generated ; mult_71n        ; work         ;
;    |mult:\mult_generation:2:mult_inst|  ; 0 (0)               ; 0 (0)                     ; 0                 ; 1          ; 0    ; 0            ; |low_pass_filter|mult:\mult_generation:2:mult_inst                                                      ; mult            ; work         ;
;       |lpm_mult:lpm_mult_component|     ; 0 (0)               ; 0 (0)                     ; 0                 ; 1          ; 0    ; 0            ; |low_pass_filter|mult:\mult_generation:2:mult_inst|lpm_mult:lpm_mult_component                          ; lpm_mult        ; work         ;
;          |mult_71n:auto_generated|      ; 0 (0)               ; 0 (0)                     ; 0                 ; 1          ; 0    ; 0            ; |low_pass_filter|mult:\mult_generation:2:mult_inst|lpm_mult:lpm_mult_component|mult_71n:auto_generated  ; mult_71n        ; work         ;
;    |mult:\mult_generation:3:mult_inst|  ; 0 (0)               ; 0 (0)                     ; 0                 ; 1          ; 0    ; 0            ; |low_pass_filter|mult:\mult_generation:3:mult_inst                                                      ; mult            ; work         ;
;       |lpm_mult:lpm_mult_component|     ; 0 (0)               ; 0 (0)                     ; 0                 ; 1          ; 0    ; 0            ; |low_pass_filter|mult:\mult_generation:3:mult_inst|lpm_mult:lpm_mult_component                          ; lpm_mult        ; work         ;
;          |mult_71n:auto_generated|      ; 0 (0)               ; 0 (0)                     ; 0                 ; 1          ; 0    ; 0            ; |low_pass_filter|mult:\mult_generation:3:mult_inst|lpm_mult:lpm_mult_component|mult_71n:auto_generated  ; mult_71n        ; work         ;
;    |mult:\mult_generation:4:mult_inst|  ; 0 (0)               ; 0 (0)                     ; 0                 ; 1          ; 0    ; 0            ; |low_pass_filter|mult:\mult_generation:4:mult_inst                                                      ; mult            ; work         ;
;       |lpm_mult:lpm_mult_component|     ; 0 (0)               ; 0 (0)                     ; 0                 ; 1          ; 0    ; 0            ; |low_pass_filter|mult:\mult_generation:4:mult_inst|lpm_mult:lpm_mult_component                          ; lpm_mult        ; work         ;
;          |mult_71n:auto_generated|      ; 0 (0)               ; 0 (0)                     ; 0                 ; 1          ; 0    ; 0            ; |low_pass_filter|mult:\mult_generation:4:mult_inst|lpm_mult:lpm_mult_component|mult_71n:auto_generated  ; mult_71n        ; work         ;
;    |mult:\mult_generation:5:mult_inst|  ; 0 (0)               ; 0 (0)                     ; 0                 ; 1          ; 0    ; 0            ; |low_pass_filter|mult:\mult_generation:5:mult_inst                                                      ; mult            ; work         ;
;       |lpm_mult:lpm_mult_component|     ; 0 (0)               ; 0 (0)                     ; 0                 ; 1          ; 0    ; 0            ; |low_pass_filter|mult:\mult_generation:5:mult_inst|lpm_mult:lpm_mult_component                          ; lpm_mult        ; work         ;
;          |mult_71n:auto_generated|      ; 0 (0)               ; 0 (0)                     ; 0                 ; 1          ; 0    ; 0            ; |low_pass_filter|mult:\mult_generation:5:mult_inst|lpm_mult:lpm_mult_component|mult_71n:auto_generated  ; mult_71n        ; work         ;
;    |mult:\mult_generation:6:mult_inst|  ; 0 (0)               ; 0 (0)                     ; 0                 ; 1          ; 0    ; 0            ; |low_pass_filter|mult:\mult_generation:6:mult_inst                                                      ; mult            ; work         ;
;       |lpm_mult:lpm_mult_component|     ; 0 (0)               ; 0 (0)                     ; 0                 ; 1          ; 0    ; 0            ; |low_pass_filter|mult:\mult_generation:6:mult_inst|lpm_mult:lpm_mult_component                          ; lpm_mult        ; work         ;
;          |mult_71n:auto_generated|      ; 0 (0)               ; 0 (0)                     ; 0                 ; 1          ; 0    ; 0            ; |low_pass_filter|mult:\mult_generation:6:mult_inst|lpm_mult:lpm_mult_component|mult_71n:auto_generated  ; mult_71n        ; work         ;
;    |mult:\mult_generation:7:mult_inst|  ; 0 (0)               ; 0 (0)                     ; 0                 ; 1          ; 0    ; 0            ; |low_pass_filter|mult:\mult_generation:7:mult_inst                                                      ; mult            ; work         ;
;       |lpm_mult:lpm_mult_component|     ; 0 (0)               ; 0 (0)                     ; 0                 ; 1          ; 0    ; 0            ; |low_pass_filter|mult:\mult_generation:7:mult_inst|lpm_mult:lpm_mult_component                          ; lpm_mult        ; work         ;
;          |mult_71n:auto_generated|      ; 0 (0)               ; 0 (0)                     ; 0                 ; 1          ; 0    ; 0            ; |low_pass_filter|mult:\mult_generation:7:mult_inst|lpm_mult:lpm_mult_component|mult_71n:auto_generated  ; mult_71n        ; work         ;
;    |mult:\mult_generation:8:mult_inst|  ; 0 (0)               ; 0 (0)                     ; 0                 ; 1          ; 0    ; 0            ; |low_pass_filter|mult:\mult_generation:8:mult_inst                                                      ; mult            ; work         ;
;       |lpm_mult:lpm_mult_component|     ; 0 (0)               ; 0 (0)                     ; 0                 ; 1          ; 0    ; 0            ; |low_pass_filter|mult:\mult_generation:8:mult_inst|lpm_mult:lpm_mult_component                          ; lpm_mult        ; work         ;
;          |mult_71n:auto_generated|      ; 0 (0)               ; 0 (0)                     ; 0                 ; 1          ; 0    ; 0            ; |low_pass_filter|mult:\mult_generation:8:mult_inst|lpm_mult:lpm_mult_component|mult_71n:auto_generated  ; mult_71n        ; work         ;
;    |mult:\mult_generation:9:mult_inst|  ; 0 (0)               ; 0 (0)                     ; 0                 ; 1          ; 0    ; 0            ; |low_pass_filter|mult:\mult_generation:9:mult_inst                                                      ; mult            ; work         ;
;       |lpm_mult:lpm_mult_component|     ; 0 (0)               ; 0 (0)                     ; 0                 ; 1          ; 0    ; 0            ; |low_pass_filter|mult:\mult_generation:9:mult_inst|lpm_mult:lpm_mult_component                          ; lpm_mult        ; work         ;
;          |mult_71n:auto_generated|      ; 0 (0)               ; 0 (0)                     ; 0                 ; 1          ; 0    ; 0            ; |low_pass_filter|mult:\mult_generation:9:mult_inst|lpm_mult:lpm_mult_component|mult_71n:auto_generated  ; mult_71n        ; work         ;
+-----------------------------------------+---------------------+---------------------------+-------------------+------------+------+--------------+---------------------------------------------------------------------------------------------------------+-----------------+--------------+
Note: For table entries with two numbers listed, the numbers in parentheses indicate the number of resources of the given type used by the specific entity alone. The numbers listed outside of parentheses indicate the total resources of the given type used by the specific entity and all of its sub-entities in the hierarchy.


+-------------------------------------------------+
; Analysis & Synthesis DSP Block Usage Summary    ;
+-----------------------------------+-------------+
; Statistic                         ; Number Used ;
+-----------------------------------+-------------+
; Independent 18x18 plus 36         ; 15          ;
; Sum of two 18x18                  ; 1           ;
; Total number of DSP blocks        ; 16          ;
;                                   ;             ;
; Fixed Point Mixed Sign Multiplier ; 17          ;
+-----------------------------------+-------------+


+---------------------------------------------------------------------------------------------------------------------------------------+
; Analysis & Synthesis IP Cores Summary                                                                                                 ;
+--------+--------------+---------+--------------+--------------+-----------------------------------------------------+-----------------+
; Vendor ; IP Core Name ; Version ; Release Date ; License Type ; Entity Instance                                     ; IP Include File ;
+--------+--------------+---------+--------------+--------------+-----------------------------------------------------+-----------------+
; Altera ; LPM_MULT     ; 18.1    ; N/A          ; N/A          ; |low_pass_filter|mult:\mult_generation:0:mult_inst  ; mult.vhd        ;
; Altera ; LPM_MULT     ; 18.1    ; N/A          ; N/A          ; |low_pass_filter|mult:\mult_generation:1:mult_inst  ; mult.vhd        ;
; Altera ; LPM_MULT     ; 18.1    ; N/A          ; N/A          ; |low_pass_filter|mult:\mult_generation:2:mult_inst  ; mult.vhd        ;
; Altera ; LPM_MULT     ; 18.1    ; N/A          ; N/A          ; |low_pass_filter|mult:\mult_generation:3:mult_inst  ; mult.vhd        ;
; Altera ; LPM_MULT     ; 18.1    ; N/A          ; N/A          ; |low_pass_filter|mult:\mult_generation:4:mult_inst  ; mult.vhd        ;
; Altera ; LPM_MULT     ; 18.1    ; N/A          ; N/A          ; |low_pass_filter|mult:\mult_generation:5:mult_inst  ; mult.vhd        ;
; Altera ; LPM_MULT     ; 18.1    ; N/A          ; N/A          ; |low_pass_filter|mult:\mult_generation:6:mult_inst  ; mult.vhd        ;
; Altera ; LPM_MULT     ; 18.1    ; N/A          ; N/A          ; |low_pass_filter|mult:\mult_generation:7:mult_inst  ; mult.vhd        ;
; Altera ; LPM_MULT     ; 18.1    ; N/A          ; N/A          ; |low_pass_filter|mult:\mult_generation:8:mult_inst  ; mult.vhd        ;
; Altera ; LPM_MULT     ; 18.1    ; N/A          ; N/A          ; |low_pass_filter|mult:\mult_generation:9:mult_inst  ; mult.vhd        ;
; Altera ; LPM_MULT     ; 18.1    ; N/A          ; N/A          ; |low_pass_filter|mult:\mult_generation:10:mult_inst ; mult.vhd        ;
; Altera ; LPM_MULT     ; 18.1    ; N/A          ; N/A          ; |low_pass_filter|mult:\mult_generation:11:mult_inst ; mult.vhd        ;
; Altera ; LPM_MULT     ; 18.1    ; N/A          ; N/A          ; |low_pass_filter|mult:\mult_generation:12:mult_inst ; mult.vhd        ;
; Altera ; LPM_MULT     ; 18.1    ; N/A          ; N/A          ; |low_pass_filter|mult:\mult_generation:13:mult_inst ; mult.vhd        ;
; Altera ; LPM_MULT     ; 18.1    ; N/A          ; N/A          ; |low_pass_filter|mult:\mult_generation:14:mult_inst ; mult.vhd        ;
; Altera ; LPM_MULT     ; 18.1    ; N/A          ; N/A          ; |low_pass_filter|mult:\mult_generation:15:mult_inst ; mult.vhd        ;
; Altera ; LPM_MULT     ; 18.1    ; N/A          ; N/A          ; |low_pass_filter|mult:\mult_generation:16:mult_inst ; mult.vhd        ;
+--------+--------------+---------+--------------+--------------+-----------------------------------------------------+-----------------+


+------------------------------------------------------+
; General Register Statistics                          ;
+----------------------------------------------+-------+
; Statistic                                    ; Value ;
+----------------------------------------------+-------+
; Total registers                              ; 288   ;
; Number of registers using Synchronous Clear  ; 0     ;
; Number of registers using Synchronous Load   ; 0     ;
; Number of registers using Asynchronous Clear ; 288   ;
; Number of registers using Asynchronous Load  ; 0     ;
; Number of registers using Clock Enable       ; 288   ;
; Number of registers using Preset             ; 0     ;
+----------------------------------------------+-------+


+------------------------------------------------------------------------------------------------------------+
; Parameter Settings for User Entity Instance: mult:\mult_generation:0:mult_inst|lpm_mult:lpm_mult_component ;
+------------------------------------------------+-----------+-----------------------------------------------+
; Parameter Name                                 ; Value     ; Type                                          ;
+------------------------------------------------+-----------+-----------------------------------------------+
; AUTO_CARRY_CHAINS                              ; ON        ; AUTO_CARRY                                    ;
; IGNORE_CARRY_BUFFERS                           ; OFF       ; IGNORE_CARRY                                  ;
; AUTO_CASCADE_CHAINS                            ; ON        ; AUTO_CASCADE                                  ;
; IGNORE_CASCADE_BUFFERS                         ; OFF       ; IGNORE_CASCADE                                ;
; LPM_WIDTHA                                     ; 16        ; Signed Integer                                ;
; LPM_WIDTHB                                     ; 16        ; Signed Integer                                ;
; LPM_WIDTHP                                     ; 32        ; Signed Integer                                ;
; LPM_WIDTHR                                     ; 0         ; Untyped                                       ;
; LPM_WIDTHS                                     ; 1         ; Untyped                                       ;
; LPM_REPRESENTATION                             ; SIGNED    ; Untyped                                       ;
; LPM_PIPELINE                                   ; 0         ; Untyped                                       ;
; LATENCY                                        ; 0         ; Untyped                                       ;
; INPUT_A_IS_CONSTANT                            ; NO        ; Untyped                                       ;
; INPUT_B_IS_CONSTANT                            ; NO        ; Untyped                                       ;
; USE_EAB                                        ; OFF       ; Untyped                                       ;
; MAXIMIZE_SPEED                                 ; 5         ; Untyped                                       ;
; DEVICE_FAMILY                                  ; Cyclone V ; Untyped                                       ;
; CARRY_CHAIN                                    ; MANUAL    ; Untyped                                       ;
; APEX20K_TECHNOLOGY_MAPPER                      ; LUT       ; TECH_MAPPER_APEX20K                           ;
; DEDICATED_MULTIPLIER_CIRCUITRY                 ; AUTO      ; Untyped                                       ;
; DEDICATED_MULTIPLIER_MIN_INPUT_WIDTH_FOR_AUTO  ; 0         ; Untyped                                       ;
; DEDICATED_MULTIPLIER_MIN_OUTPUT_WIDTH_FOR_AUTO ; 0         ; Untyped                                       ;
; CBXI_PARAMETER                                 ; mult_71n  ; Untyped                                       ;
; INPUT_A_FIXED_VALUE                            ; Bx        ; Untyped                                       ;
; INPUT_B_FIXED_VALUE                            ; Bx        ; Untyped                                       ;
; USE_AHDL_IMPLEMENTATION                        ; OFF       ; Untyped                                       ;
+------------------------------------------------+-----------+-----------------------------------------------+
Note: In order to hide this table in the UI and the text report file, please set the "Show Parameter Settings in Synthesis Report" option in "Analysis and Synthesis Settings -> More Settings" to "Off".


+------------------------------------------------------------------------------------------------------------+
; Parameter Settings for User Entity Instance: mult:\mult_generation:1:mult_inst|lpm_mult:lpm_mult_component ;
+------------------------------------------------+-----------+-----------------------------------------------+
; Parameter Name                                 ; Value     ; Type                                          ;
+------------------------------------------------+-----------+-----------------------------------------------+
; AUTO_CARRY_CHAINS                              ; ON        ; AUTO_CARRY                                    ;
; IGNORE_CARRY_BUFFERS                           ; OFF       ; IGNORE_CARRY                                  ;
; AUTO_CASCADE_CHAINS                            ; ON        ; AUTO_CASCADE                                  ;
; IGNORE_CASCADE_BUFFERS                         ; OFF       ; IGNORE_CASCADE                                ;
; LPM_WIDTHA                                     ; 16        ; Signed Integer                                ;
; LPM_WIDTHB                                     ; 16        ; Signed Integer                                ;
; LPM_WIDTHP                                     ; 32        ; Signed Integer                                ;
; LPM_WIDTHR                                     ; 0         ; Untyped                                       ;
; LPM_WIDTHS                                     ; 1         ; Untyped                                       ;
; LPM_REPRESENTATION                             ; SIGNED    ; Untyped                                       ;
; LPM_PIPELINE                                   ; 0         ; Untyped                                       ;
; LATENCY                                        ; 0         ; Untyped                                       ;
; INPUT_A_IS_CONSTANT                            ; NO        ; Untyped                                       ;
; INPUT_B_IS_CONSTANT                            ; NO        ; Untyped                                       ;
; USE_EAB                                        ; OFF       ; Untyped                                       ;
; MAXIMIZE_SPEED                                 ; 5         ; Untyped                                       ;
; DEVICE_FAMILY                                  ; Cyclone V ; Untyped                                       ;
; CARRY_CHAIN                                    ; MANUAL    ; Untyped                                       ;
; APEX20K_TECHNOLOGY_MAPPER                      ; LUT       ; TECH_MAPPER_APEX20K                           ;
; DEDICATED_MULTIPLIER_CIRCUITRY                 ; AUTO      ; Untyped                                       ;
; DEDICATED_MULTIPLIER_MIN_INPUT_WIDTH_FOR_AUTO  ; 0         ; Untyped                                       ;
; DEDICATED_MULTIPLIER_MIN_OUTPUT_WIDTH_FOR_AUTO ; 0         ; Untyped                                       ;
; CBXI_PARAMETER                                 ; mult_71n  ; Untyped                                       ;
; INPUT_A_FIXED_VALUE                            ; Bx        ; Untyped                                       ;
; INPUT_B_FIXED_VALUE                            ; Bx        ; Untyped                                       ;
; USE_AHDL_IMPLEMENTATION                        ; OFF       ; Untyped                                       ;
+------------------------------------------------+-----------+-----------------------------------------------+
Note: In order to hide this table in the UI and the text report file, please set the "Show Parameter Settings in Synthesis Report" option in "Analysis and Synthesis Settings -> More Settings" to "Off".


+------------------------------------------------------------------------------------------------------------+
; Parameter Settings for User Entity Instance: mult:\mult_generation:2:mult_inst|lpm_mult:lpm_mult_component ;
+------------------------------------------------+-----------+-----------------------------------------------+
; Parameter Name                                 ; Value     ; Type                                          ;
+------------------------------------------------+-----------+-----------------------------------------------+
; AUTO_CARRY_CHAINS                              ; ON        ; AUTO_CARRY                                    ;
; IGNORE_CARRY_BUFFERS                           ; OFF       ; IGNORE_CARRY                                  ;
; AUTO_CASCADE_CHAINS                            ; ON        ; AUTO_CASCADE                                  ;
; IGNORE_CASCADE_BUFFERS                         ; OFF       ; IGNORE_CASCADE                                ;
; LPM_WIDTHA                                     ; 16        ; Signed Integer                                ;
; LPM_WIDTHB                                     ; 16        ; Signed Integer                                ;
; LPM_WIDTHP                                     ; 32        ; Signed Integer                                ;
; LPM_WIDTHR                                     ; 0         ; Untyped                                       ;
; LPM_WIDTHS                                     ; 1         ; Untyped                                       ;
; LPM_REPRESENTATION                             ; SIGNED    ; Untyped                                       ;
; LPM_PIPELINE                                   ; 0         ; Untyped                                       ;
; LATENCY                                        ; 0         ; Untyped                                       ;
; INPUT_A_IS_CONSTANT                            ; NO        ; Untyped                                       ;
; INPUT_B_IS_CONSTANT                            ; NO        ; Untyped                                       ;
; USE_EAB                                        ; OFF       ; Untyped                                       ;
; MAXIMIZE_SPEED                                 ; 5         ; Untyped                                       ;
; DEVICE_FAMILY                                  ; Cyclone V ; Untyped                                       ;
; CARRY_CHAIN                                    ; MANUAL    ; Untyped                                       ;
; APEX20K_TECHNOLOGY_MAPPER                      ; LUT       ; TECH_MAPPER_APEX20K                           ;
; DEDICATED_MULTIPLIER_CIRCUITRY                 ; AUTO      ; Untyped                                       ;
; DEDICATED_MULTIPLIER_MIN_INPUT_WIDTH_FOR_AUTO  ; 0         ; Untyped                                       ;
; DEDICATED_MULTIPLIER_MIN_OUTPUT_WIDTH_FOR_AUTO ; 0         ; Untyped                                       ;
; CBXI_PARAMETER                                 ; mult_71n  ; Untyped                                       ;
; INPUT_A_FIXED_VALUE                            ; Bx        ; Untyped                                       ;
; INPUT_B_FIXED_VALUE                            ; Bx        ; Untyped                                       ;
; USE_AHDL_IMPLEMENTATION                        ; OFF       ; Untyped                                       ;
+------------------------------------------------+-----------+-----------------------------------------------+
Note: In order to hide this table in the UI and the text report file, please set the "Show Parameter Settings in Synthesis Report" option in "Analysis and Synthesis Settings -> More Settings" to "Off".


+------------------------------------------------------------------------------------------------------------+
; Parameter Settings for User Entity Instance: mult:\mult_generation:3:mult_inst|lpm_mult:lpm_mult_component ;
+------------------------------------------------+-----------+-----------------------------------------------+
; Parameter Name                                 ; Value     ; Type                                          ;
+------------------------------------------------+-----------+-----------------------------------------------+
; AUTO_CARRY_CHAINS                              ; ON        ; AUTO_CARRY                                    ;
; IGNORE_CARRY_BUFFERS                           ; OFF       ; IGNORE_CARRY                                  ;
; AUTO_CASCADE_CHAINS                            ; ON        ; AUTO_CASCADE                                  ;
; IGNORE_CASCADE_BUFFERS                         ; OFF       ; IGNORE_CASCADE                                ;
; LPM_WIDTHA                                     ; 16        ; Signed Integer                                ;
; LPM_WIDTHB                                     ; 16        ; Signed Integer                                ;
; LPM_WIDTHP                                     ; 32        ; Signed Integer                                ;
; LPM_WIDTHR                                     ; 0         ; Untyped                                       ;
; LPM_WIDTHS                                     ; 1         ; Untyped                                       ;
; LPM_REPRESENTATION                             ; SIGNED    ; Untyped                                       ;
; LPM_PIPELINE                                   ; 0         ; Untyped                                       ;
; LATENCY                                        ; 0         ; Untyped                                       ;
; INPUT_A_IS_CONSTANT                            ; NO        ; Untyped                                       ;
; INPUT_B_IS_CONSTANT                            ; NO        ; Untyped                                       ;
; USE_EAB                                        ; OFF       ; Untyped                                       ;
; MAXIMIZE_SPEED                                 ; 5         ; Untyped                                       ;
; DEVICE_FAMILY                                  ; Cyclone V ; Untyped                                       ;
; CARRY_CHAIN                                    ; MANUAL    ; Untyped                                       ;
; APEX20K_TECHNOLOGY_MAPPER                      ; LUT       ; TECH_MAPPER_APEX20K                           ;
; DEDICATED_MULTIPLIER_CIRCUITRY                 ; AUTO      ; Untyped                                       ;
; DEDICATED_MULTIPLIER_MIN_INPUT_WIDTH_FOR_AUTO  ; 0         ; Untyped                                       ;
; DEDICATED_MULTIPLIER_MIN_OUTPUT_WIDTH_FOR_AUTO ; 0         ; Untyped                                       ;
; CBXI_PARAMETER                                 ; mult_71n  ; Untyped                                       ;
; INPUT_A_FIXED_VALUE                            ; Bx        ; Untyped                                       ;
; INPUT_B_FIXED_VALUE                            ; Bx        ; Untyped                                       ;
; USE_AHDL_IMPLEMENTATION                        ; OFF       ; Untyped                                       ;
+------------------------------------------------+-----------+-----------------------------------------------+
Note: In order to hide this table in the UI and the text report file, please set the "Show Parameter Settings in Synthesis Report" option in "Analysis and Synthesis Settings -> More Settings" to "Off".


+------------------------------------------------------------------------------------------------------------+
; Parameter Settings for User Entity Instance: mult:\mult_generation:4:mult_inst|lpm_mult:lpm_mult_component ;
+------------------------------------------------+-----------+-----------------------------------------------+
; Parameter Name                                 ; Value     ; Type                                          ;
+------------------------------------------------+-----------+-----------------------------------------------+
; AUTO_CARRY_CHAINS                              ; ON        ; AUTO_CARRY                                    ;
; IGNORE_CARRY_BUFFERS                           ; OFF       ; IGNORE_CARRY                                  ;
; AUTO_CASCADE_CHAINS                            ; ON        ; AUTO_CASCADE                                  ;
; IGNORE_CASCADE_BUFFERS                         ; OFF       ; IGNORE_CASCADE                                ;
; LPM_WIDTHA                                     ; 16        ; Signed Integer                                ;
; LPM_WIDTHB                                     ; 16        ; Signed Integer                                ;
; LPM_WIDTHP                                     ; 32        ; Signed Integer                                ;
; LPM_WIDTHR                                     ; 0         ; Untyped                                       ;
; LPM_WIDTHS                                     ; 1         ; Untyped                                       ;
; LPM_REPRESENTATION                             ; SIGNED    ; Untyped                                       ;
; LPM_PIPELINE                                   ; 0         ; Untyped                                       ;
; LATENCY                                        ; 0         ; Untyped                                       ;
; INPUT_A_IS_CONSTANT                            ; NO        ; Untyped                                       ;
; INPUT_B_IS_CONSTANT                            ; NO        ; Untyped                                       ;
; USE_EAB                                        ; OFF       ; Untyped                                       ;
; MAXIMIZE_SPEED                                 ; 5         ; Untyped                                       ;
; DEVICE_FAMILY                                  ; Cyclone V ; Untyped                                       ;
; CARRY_CHAIN                                    ; MANUAL    ; Untyped                                       ;
; APEX20K_TECHNOLOGY_MAPPER                      ; LUT       ; TECH_MAPPER_APEX20K                           ;
; DEDICATED_MULTIPLIER_CIRCUITRY                 ; AUTO      ; Untyped                                       ;
; DEDICATED_MULTIPLIER_MIN_INPUT_WIDTH_FOR_AUTO  ; 0         ; Untyped                                       ;
; DEDICATED_MULTIPLIER_MIN_OUTPUT_WIDTH_FOR_AUTO ; 0         ; Untyped                                       ;
; CBXI_PARAMETER                                 ; mult_71n  ; Untyped                                       ;
; INPUT_A_FIXED_VALUE                            ; Bx        ; Untyped                                       ;
; INPUT_B_FIXED_VALUE                            ; Bx        ; Untyped                                       ;
; USE_AHDL_IMPLEMENTATION                        ; OFF       ; Untyped                                       ;
+------------------------------------------------+-----------+-----------------------------------------------+
Note: In order to hide this table in the UI and the text report file, please set the "Show Parameter Settings in Synthesis Report" option in "Analysis and Synthesis Settings -> More Settings" to "Off".


+------------------------------------------------------------------------------------------------------------+
; Parameter Settings for User Entity Instance: mult:\mult_generation:5:mult_inst|lpm_mult:lpm_mult_component ;
+------------------------------------------------+-----------+-----------------------------------------------+
; Parameter Name                                 ; Value     ; Type                                          ;
+------------------------------------------------+-----------+-----------------------------------------------+
; AUTO_CARRY_CHAINS                              ; ON        ; AUTO_CARRY                                    ;
; IGNORE_CARRY_BUFFERS                           ; OFF       ; IGNORE_CARRY                                  ;
; AUTO_CASCADE_CHAINS                            ; ON        ; AUTO_CASCADE                                  ;
; IGNORE_CASCADE_BUFFERS                         ; OFF       ; IGNORE_CASCADE                                ;
; LPM_WIDTHA                                     ; 16        ; Signed Integer                                ;
; LPM_WIDTHB                                     ; 16        ; Signed Integer                                ;
; LPM_WIDTHP                                     ; 32        ; Signed Integer                                ;
; LPM_WIDTHR                                     ; 0         ; Untyped                                       ;
; LPM_WIDTHS                                     ; 1         ; Untyped                                       ;
; LPM_REPRESENTATION                             ; SIGNED    ; Untyped                                       ;
; LPM_PIPELINE                                   ; 0         ; Untyped                                       ;
; LATENCY                                        ; 0         ; Untyped                                       ;
; INPUT_A_IS_CONSTANT                            ; NO        ; Untyped                                       ;
; INPUT_B_IS_CONSTANT                            ; NO        ; Untyped                                       ;
; USE_EAB                                        ; OFF       ; Untyped                                       ;
; MAXIMIZE_SPEED                                 ; 5         ; Untyped                                       ;
; DEVICE_FAMILY                                  ; Cyclone V ; Untyped                                       ;
; CARRY_CHAIN                                    ; MANUAL    ; Untyped                                       ;
; APEX20K_TECHNOLOGY_MAPPER                      ; LUT       ; TECH_MAPPER_APEX20K                           ;
; DEDICATED_MULTIPLIER_CIRCUITRY                 ; AUTO      ; Untyped                                       ;
; DEDICATED_MULTIPLIER_MIN_INPUT_WIDTH_FOR_AUTO  ; 0         ; Untyped                                       ;
; DEDICATED_MULTIPLIER_MIN_OUTPUT_WIDTH_FOR_AUTO ; 0         ; Untyped                                       ;
; CBXI_PARAMETER                                 ; mult_71n  ; Untyped                                       ;
; INPUT_A_FIXED_VALUE                            ; Bx        ; Untyped                                       ;
; INPUT_B_FIXED_VALUE                            ; Bx        ; Untyped                                       ;
; USE_AHDL_IMPLEMENTATION                        ; OFF       ; Untyped                                       ;
+------------------------------------------------+-----------+-----------------------------------------------+
Note: In order to hide this table in the UI and the text report file, please set the "Show Parameter Settings in Synthesis Report" option in "Analysis and Synthesis Settings -> More Settings" to "Off".


+------------------------------------------------------------------------------------------------------------+
; Parameter Settings for User Entity Instance: mult:\mult_generation:6:mult_inst|lpm_mult:lpm_mult_component ;
+------------------------------------------------+-----------+-----------------------------------------------+
; Parameter Name                                 ; Value     ; Type                                          ;
+------------------------------------------------+-----------+-----------------------------------------------+
; AUTO_CARRY_CHAINS                              ; ON        ; AUTO_CARRY                                    ;
; IGNORE_CARRY_BUFFERS                           ; OFF       ; IGNORE_CARRY                                  ;
; AUTO_CASCADE_CHAINS                            ; ON        ; AUTO_CASCADE                                  ;
; IGNORE_CASCADE_BUFFERS                         ; OFF       ; IGNORE_CASCADE                                ;
; LPM_WIDTHA                                     ; 16        ; Signed Integer                                ;
; LPM_WIDTHB                                     ; 16        ; Signed Integer                                ;
; LPM_WIDTHP                                     ; 32        ; Signed Integer                                ;
; LPM_WIDTHR                                     ; 0         ; Untyped                                       ;
; LPM_WIDTHS                                     ; 1         ; Untyped                                       ;
; LPM_REPRESENTATION                             ; SIGNED    ; Untyped                                       ;
; LPM_PIPELINE                                   ; 0         ; Untyped                                       ;
; LATENCY                                        ; 0         ; Untyped                                       ;
; INPUT_A_IS_CONSTANT                            ; NO        ; Untyped                                       ;
; INPUT_B_IS_CONSTANT                            ; NO        ; Untyped                                       ;
; USE_EAB                                        ; OFF       ; Untyped                                       ;
; MAXIMIZE_SPEED                                 ; 5         ; Untyped                                       ;
; DEVICE_FAMILY                                  ; Cyclone V ; Untyped                                       ;
; CARRY_CHAIN                                    ; MANUAL    ; Untyped                                       ;
; APEX20K_TECHNOLOGY_MAPPER                      ; LUT       ; TECH_MAPPER_APEX20K                           ;
; DEDICATED_MULTIPLIER_CIRCUITRY                 ; AUTO      ; Untyped                                       ;
; DEDICATED_MULTIPLIER_MIN_INPUT_WIDTH_FOR_AUTO  ; 0         ; Untyped                                       ;
; DEDICATED_MULTIPLIER_MIN_OUTPUT_WIDTH_FOR_AUTO ; 0         ; Untyped                                       ;
; CBXI_PARAMETER                                 ; mult_71n  ; Untyped                                       ;
; INPUT_A_FIXED_VALUE                            ; Bx        ; Untyped                                       ;
; INPUT_B_FIXED_VALUE                            ; Bx        ; Untyped                                       ;
; USE_AHDL_IMPLEMENTATION                        ; OFF       ; Untyped                                       ;
+------------------------------------------------+-----------+-----------------------------------------------+
Note: In order to hide this table in the UI and the text report file, please set the "Show Parameter Settings in Synthesis Report" option in "Analysis and Synthesis Settings -> More Settings" to "Off".


+------------------------------------------------------------------------------------------------------------+
; Parameter Settings for User Entity Instance: mult:\mult_generation:7:mult_inst|lpm_mult:lpm_mult_component ;
+------------------------------------------------+-----------+-----------------------------------------------+
; Parameter Name                                 ; Value     ; Type                                          ;
+------------------------------------------------+-----------+-----------------------------------------------+
; AUTO_CARRY_CHAINS                              ; ON        ; AUTO_CARRY                                    ;
; IGNORE_CARRY_BUFFERS                           ; OFF       ; IGNORE_CARRY                                  ;
; AUTO_CASCADE_CHAINS                            ; ON        ; AUTO_CASCADE                                  ;
; IGNORE_CASCADE_BUFFERS                         ; OFF       ; IGNORE_CASCADE                                ;
; LPM_WIDTHA                                     ; 16        ; Signed Integer                                ;
; LPM_WIDTHB                                     ; 16        ; Signed Integer                                ;
; LPM_WIDTHP                                     ; 32        ; Signed Integer                                ;
; LPM_WIDTHR                                     ; 0         ; Untyped                                       ;
; LPM_WIDTHS                                     ; 1         ; Untyped                                       ;
; LPM_REPRESENTATION                             ; SIGNED    ; Untyped                                       ;
; LPM_PIPELINE                                   ; 0         ; Untyped                                       ;
; LATENCY                                        ; 0         ; Untyped                                       ;
; INPUT_A_IS_CONSTANT                            ; NO        ; Untyped                                       ;
; INPUT_B_IS_CONSTANT                            ; NO        ; Untyped                                       ;
; USE_EAB                                        ; OFF       ; Untyped                                       ;
; MAXIMIZE_SPEED                                 ; 5         ; Untyped                                       ;
; DEVICE_FAMILY                                  ; Cyclone V ; Untyped                                       ;
; CARRY_CHAIN                                    ; MANUAL    ; Untyped                                       ;
; APEX20K_TECHNOLOGY_MAPPER                      ; LUT       ; TECH_MAPPER_APEX20K                           ;
; DEDICATED_MULTIPLIER_CIRCUITRY                 ; AUTO      ; Untyped                                       ;
; DEDICATED_MULTIPLIER_MIN_INPUT_WIDTH_FOR_AUTO  ; 0         ; Untyped                                       ;
; DEDICATED_MULTIPLIER_MIN_OUTPUT_WIDTH_FOR_AUTO ; 0         ; Untyped                                       ;
; CBXI_PARAMETER                                 ; mult_71n  ; Untyped                                       ;
; INPUT_A_FIXED_VALUE                            ; Bx        ; Untyped                                       ;
; INPUT_B_FIXED_VALUE                            ; Bx        ; Untyped                                       ;
; USE_AHDL_IMPLEMENTATION                        ; OFF       ; Untyped                                       ;
+------------------------------------------------+-----------+-----------------------------------------------+
Note: In order to hide this table in the UI and the text report file, please set the "Show Parameter Settings in Synthesis Report" option in "Analysis and Synthesis Settings -> More Settings" to "Off".


+------------------------------------------------------------------------------------------------------------+
; Parameter Settings for User Entity Instance: mult:\mult_generation:8:mult_inst|lpm_mult:lpm_mult_component ;
+------------------------------------------------+-----------+-----------------------------------------------+
; Parameter Name                                 ; Value     ; Type                                          ;
+------------------------------------------------+-----------+-----------------------------------------------+
; AUTO_CARRY_CHAINS                              ; ON        ; AUTO_CARRY                                    ;
; IGNORE_CARRY_BUFFERS                           ; OFF       ; IGNORE_CARRY                                  ;
; AUTO_CASCADE_CHAINS                            ; ON        ; AUTO_CASCADE                                  ;
; IGNORE_CASCADE_BUFFERS                         ; OFF       ; IGNORE_CASCADE                                ;
; LPM_WIDTHA                                     ; 16        ; Signed Integer                                ;
; LPM_WIDTHB                                     ; 16        ; Signed Integer                                ;
; LPM_WIDTHP                                     ; 32        ; Signed Integer                                ;
; LPM_WIDTHR                                     ; 0         ; Untyped                                       ;
; LPM_WIDTHS                                     ; 1         ; Untyped                                       ;
; LPM_REPRESENTATION                             ; SIGNED    ; Untyped                                       ;
; LPM_PIPELINE                                   ; 0         ; Untyped                                       ;
; LATENCY                                        ; 0         ; Untyped                                       ;
; INPUT_A_IS_CONSTANT                            ; NO        ; Untyped                                       ;
; INPUT_B_IS_CONSTANT                            ; NO        ; Untyped                                       ;
; USE_EAB                                        ; OFF       ; Untyped                                       ;
; MAXIMIZE_SPEED                                 ; 5         ; Untyped                                       ;
; DEVICE_FAMILY                                  ; Cyclone V ; Untyped                                       ;
; CARRY_CHAIN                                    ; MANUAL    ; Untyped                                       ;
; APEX20K_TECHNOLOGY_MAPPER                      ; LUT       ; TECH_MAPPER_APEX20K                           ;
; DEDICATED_MULTIPLIER_CIRCUITRY                 ; AUTO      ; Untyped                                       ;
; DEDICATED_MULTIPLIER_MIN_INPUT_WIDTH_FOR_AUTO  ; 0         ; Untyped                                       ;
; DEDICATED_MULTIPLIER_MIN_OUTPUT_WIDTH_FOR_AUTO ; 0         ; Untyped                                       ;
; CBXI_PARAMETER                                 ; mult_71n  ; Untyped                                       ;
; INPUT_A_FIXED_VALUE                            ; Bx        ; Untyped                                       ;
; INPUT_B_FIXED_VALUE                            ; Bx        ; Untyped                                       ;
; USE_AHDL_IMPLEMENTATION                        ; OFF       ; Untyped                                       ;
+------------------------------------------------+-----------+-----------------------------------------------+
Note: In order to hide this table in the UI and the text report file, please set the "Show Parameter Settings in Synthesis Report" option in "Analysis and Synthesis Settings -> More Settings" to "Off".


+------------------------------------------------------------------------------------------------------------+
; Parameter Settings for User Entity Instance: mult:\mult_generation:9:mult_inst|lpm_mult:lpm_mult_component ;
+------------------------------------------------+-----------+-----------------------------------------------+
; Parameter Name                                 ; Value     ; Type                                          ;
+------------------------------------------------+-----------+-----------------------------------------------+
; AUTO_CARRY_CHAINS                              ; ON        ; AUTO_CARRY                                    ;
; IGNORE_CARRY_BUFFERS                           ; OFF       ; IGNORE_CARRY                                  ;
; AUTO_CASCADE_CHAINS                            ; ON        ; AUTO_CASCADE                                  ;
; IGNORE_CASCADE_BUFFERS                         ; OFF       ; IGNORE_CASCADE                                ;
; LPM_WIDTHA                                     ; 16        ; Signed Integer                                ;
; LPM_WIDTHB                                     ; 16        ; Signed Integer                                ;
; LPM_WIDTHP                                     ; 32        ; Signed Integer                                ;
; LPM_WIDTHR                                     ; 0         ; Untyped                                       ;
; LPM_WIDTHS                                     ; 1         ; Untyped                                       ;
; LPM_REPRESENTATION                             ; SIGNED    ; Untyped                                       ;
; LPM_PIPELINE                                   ; 0         ; Untyped                                       ;
; LATENCY                                        ; 0         ; Untyped                                       ;
; INPUT_A_IS_CONSTANT                            ; NO        ; Untyped                                       ;
; INPUT_B_IS_CONSTANT                            ; NO        ; Untyped                                       ;
; USE_EAB                                        ; OFF       ; Untyped                                       ;
; MAXIMIZE_SPEED                                 ; 5         ; Untyped                                       ;
; DEVICE_FAMILY                                  ; Cyclone V ; Untyped                                       ;
; CARRY_CHAIN                                    ; MANUAL    ; Untyped                                       ;
; APEX20K_TECHNOLOGY_MAPPER                      ; LUT       ; TECH_MAPPER_APEX20K                           ;
; DEDICATED_MULTIPLIER_CIRCUITRY                 ; AUTO      ; Untyped                                       ;
; DEDICATED_MULTIPLIER_MIN_INPUT_WIDTH_FOR_AUTO  ; 0         ; Untyped                                       ;
; DEDICATED_MULTIPLIER_MIN_OUTPUT_WIDTH_FOR_AUTO ; 0         ; Untyped                                       ;
; CBXI_PARAMETER                                 ; mult_71n  ; Untyped                                       ;
; INPUT_A_FIXED_VALUE                            ; Bx        ; Untyped                                       ;
; INPUT_B_FIXED_VALUE                            ; Bx        ; Untyped                                       ;
; USE_AHDL_IMPLEMENTATION                        ; OFF       ; Untyped                                       ;
+------------------------------------------------+-----------+-----------------------------------------------+
Note: In order to hide this table in the UI and the text report file, please set the "Show Parameter Settings in Synthesis Report" option in "Analysis and Synthesis Settings -> More Settings" to "Off".


+-------------------------------------------------------------------------------------------------------------+
; Parameter Settings for User Entity Instance: mult:\mult_generation:10:mult_inst|lpm_mult:lpm_mult_component ;
+------------------------------------------------+-----------+------------------------------------------------+
; Parameter Name                                 ; Value     ; Type                                           ;
+------------------------------------------------+-----------+------------------------------------------------+
; AUTO_CARRY_CHAINS                              ; ON        ; AUTO_CARRY                                     ;
; IGNORE_CARRY_BUFFERS                           ; OFF       ; IGNORE_CARRY                                   ;
; AUTO_CASCADE_CHAINS                            ; ON        ; AUTO_CASCADE                                   ;
; IGNORE_CASCADE_BUFFERS                         ; OFF       ; IGNORE_CASCADE                                 ;
; LPM_WIDTHA                                     ; 16        ; Signed Integer                                 ;
; LPM_WIDTHB                                     ; 16        ; Signed Integer                                 ;
; LPM_WIDTHP                                     ; 32        ; Signed Integer                                 ;
; LPM_WIDTHR                                     ; 0         ; Untyped                                        ;
; LPM_WIDTHS                                     ; 1         ; Untyped                                        ;
; LPM_REPRESENTATION                             ; SIGNED    ; Untyped                                        ;
; LPM_PIPELINE                                   ; 0         ; Untyped                                        ;
; LATENCY                                        ; 0         ; Untyped                                        ;
; INPUT_A_IS_CONSTANT                            ; NO        ; Untyped                                        ;
; INPUT_B_IS_CONSTANT                            ; NO        ; Untyped                                        ;
; USE_EAB                                        ; OFF       ; Untyped                                        ;
; MAXIMIZE_SPEED                                 ; 5         ; Untyped                                        ;
; DEVICE_FAMILY                                  ; Cyclone V ; Untyped                                        ;
; CARRY_CHAIN                                    ; MANUAL    ; Untyped                                        ;
; APEX20K_TECHNOLOGY_MAPPER                      ; LUT       ; TECH_MAPPER_APEX20K                            ;
; DEDICATED_MULTIPLIER_CIRCUITRY                 ; AUTO      ; Untyped                                        ;
; DEDICATED_MULTIPLIER_MIN_INPUT_WIDTH_FOR_AUTO  ; 0         ; Untyped                                        ;
; DEDICATED_MULTIPLIER_MIN_OUTPUT_WIDTH_FOR_AUTO ; 0         ; Untyped                                        ;
; CBXI_PARAMETER                                 ; mult_71n  ; Untyped                                        ;
; INPUT_A_FIXED_VALUE                            ; Bx        ; Untyped                                        ;
; INPUT_B_FIXED_VALUE                            ; Bx        ; Untyped                                        ;
; USE_AHDL_IMPLEMENTATION                        ; OFF       ; Untyped                                        ;
+------------------------------------------------+-----------+------------------------------------------------+
Note: In order to hide this table in the UI and the text report file, please set the "Show Parameter Settings in Synthesis Report" option in "Analysis and Synthesis Settings -> More Settings" to "Off".


+-------------------------------------------------------------------------------------------------------------+
; Parameter Settings for User Entity Instance: mult:\mult_generation:11:mult_inst|lpm_mult:lpm_mult_component ;
+------------------------------------------------+-----------+------------------------------------------------+
; Parameter Name                                 ; Value     ; Type                                           ;
+------------------------------------------------+-----------+------------------------------------------------+
; AUTO_CARRY_CHAINS                              ; ON        ; AUTO_CARRY                                     ;
; IGNORE_CARRY_BUFFERS                           ; OFF       ; IGNORE_CARRY                                   ;
; AUTO_CASCADE_CHAINS                            ; ON        ; AUTO_CASCADE                                   ;
; IGNORE_CASCADE_BUFFERS                         ; OFF       ; IGNORE_CASCADE                                 ;
; LPM_WIDTHA                                     ; 16        ; Signed Integer                                 ;
; LPM_WIDTHB                                     ; 16        ; Signed Integer                                 ;
; LPM_WIDTHP                                     ; 32        ; Signed Integer                                 ;
; LPM_WIDTHR                                     ; 0         ; Untyped                                        ;
; LPM_WIDTHS                                     ; 1         ; Untyped                                        ;
; LPM_REPRESENTATION                             ; SIGNED    ; Untyped                                        ;
; LPM_PIPELINE                                   ; 0         ; Untyped                                        ;
; LATENCY                                        ; 0         ; Untyped                                        ;
; INPUT_A_IS_CONSTANT                            ; NO        ; Untyped                                        ;
; INPUT_B_IS_CONSTANT                            ; NO        ; Untyped                                        ;
; USE_EAB                                        ; OFF       ; Untyped                                        ;
; MAXIMIZE_SPEED                                 ; 5         ; Untyped                                        ;
; DEVICE_FAMILY                                  ; Cyclone V ; Untyped                                        ;
; CARRY_CHAIN                                    ; MANUAL    ; Untyped                                        ;
; APEX20K_TECHNOLOGY_MAPPER                      ; LUT       ; TECH_MAPPER_APEX20K                            ;
; DEDICATED_MULTIPLIER_CIRCUITRY                 ; AUTO      ; Untyped                                        ;
; DEDICATED_MULTIPLIER_MIN_INPUT_WIDTH_FOR_AUTO  ; 0         ; Untyped                                        ;
; DEDICATED_MULTIPLIER_MIN_OUTPUT_WIDTH_FOR_AUTO ; 0         ; Untyped                                        ;
; CBXI_PARAMETER                                 ; mult_71n  ; Untyped                                        ;
; INPUT_A_FIXED_VALUE                            ; Bx        ; Untyped                                        ;
; INPUT_B_FIXED_VALUE                            ; Bx        ; Untyped                                        ;
; USE_AHDL_IMPLEMENTATION                        ; OFF       ; Untyped                                        ;
+------------------------------------------------+-----------+------------------------------------------------+
Note: In order to hide this table in the UI and the text report file, please set the "Show Parameter Settings in Synthesis Report" option in "Analysis and Synthesis Settings -> More Settings" to "Off".


+-------------------------------------------------------------------------------------------------------------+
; Parameter Settings for User Entity Instance: mult:\mult_generation:12:mult_inst|lpm_mult:lpm_mult_component ;
+------------------------------------------------+-----------+------------------------------------------------+
; Parameter Name                                 ; Value     ; Type                                           ;
+------------------------------------------------+-----------+------------------------------------------------+
; AUTO_CARRY_CHAINS                              ; ON        ; AUTO_CARRY                                     ;
; IGNORE_CARRY_BUFFERS                           ; OFF       ; IGNORE_CARRY                                   ;
; AUTO_CASCADE_CHAINS                            ; ON        ; AUTO_CASCADE                                   ;
; IGNORE_CASCADE_BUFFERS                         ; OFF       ; IGNORE_CASCADE                                 ;
; LPM_WIDTHA                                     ; 16        ; Signed Integer                                 ;
; LPM_WIDTHB                                     ; 16        ; Signed Integer                                 ;
; LPM_WIDTHP                                     ; 32        ; Signed Integer                                 ;
; LPM_WIDTHR                                     ; 0         ; Untyped                                        ;
; LPM_WIDTHS                                     ; 1         ; Untyped                                        ;
; LPM_REPRESENTATION                             ; SIGNED    ; Untyped                                        ;
; LPM_PIPELINE                                   ; 0         ; Untyped                                        ;
; LATENCY                                        ; 0         ; Untyped                                        ;
; INPUT_A_IS_CONSTANT                            ; NO        ; Untyped                                        ;
; INPUT_B_IS_CONSTANT                            ; NO        ; Untyped                                        ;
; USE_EAB                                        ; OFF       ; Untyped                                        ;
; MAXIMIZE_SPEED                                 ; 5         ; Untyped                                        ;
; DEVICE_FAMILY                                  ; Cyclone V ; Untyped                                        ;
; CARRY_CHAIN                                    ; MANUAL    ; Untyped                                        ;
; APEX20K_TECHNOLOGY_MAPPER                      ; LUT       ; TECH_MAPPER_APEX20K                            ;
; DEDICATED_MULTIPLIER_CIRCUITRY                 ; AUTO      ; Untyped                                        ;
; DEDICATED_MULTIPLIER_MIN_INPUT_WIDTH_FOR_AUTO  ; 0         ; Untyped                                        ;
; DEDICATED_MULTIPLIER_MIN_OUTPUT_WIDTH_FOR_AUTO ; 0         ; Untyped                                        ;
; CBXI_PARAMETER                                 ; mult_71n  ; Untyped                                        ;
; INPUT_A_FIXED_VALUE                            ; Bx        ; Untyped                                        ;
; INPUT_B_FIXED_VALUE                            ; Bx        ; Untyped                                        ;
; USE_AHDL_IMPLEMENTATION                        ; OFF       ; Untyped                                        ;
+------------------------------------------------+-----------+------------------------------------------------+
Note: In order to hide this table in the UI and the text report file, please set the "Show Parameter Settings in Synthesis Report" option in "Analysis and Synthesis Settings -> More Settings" to "Off".


+-------------------------------------------------------------------------------------------------------------+
; Parameter Settings for User Entity Instance: mult:\mult_generation:13:mult_inst|lpm_mult:lpm_mult_component ;
+------------------------------------------------+-----------+------------------------------------------------+
; Parameter Name                                 ; Value     ; Type                                           ;
+------------------------------------------------+-----------+------------------------------------------------+
; AUTO_CARRY_CHAINS                              ; ON        ; AUTO_CARRY                                     ;
; IGNORE_CARRY_BUFFERS                           ; OFF       ; IGNORE_CARRY                                   ;
; AUTO_CASCADE_CHAINS                            ; ON        ; AUTO_CASCADE                                   ;
; IGNORE_CASCADE_BUFFERS                         ; OFF       ; IGNORE_CASCADE                                 ;
; LPM_WIDTHA                                     ; 16        ; Signed Integer                                 ;
; LPM_WIDTHB                                     ; 16        ; Signed Integer                                 ;
; LPM_WIDTHP                                     ; 32        ; Signed Integer                                 ;
; LPM_WIDTHR                                     ; 0         ; Untyped                                        ;
; LPM_WIDTHS                                     ; 1         ; Untyped                                        ;
; LPM_REPRESENTATION                             ; SIGNED    ; Untyped                                        ;
; LPM_PIPELINE                                   ; 0         ; Untyped                                        ;
; LATENCY                                        ; 0         ; Untyped                                        ;
; INPUT_A_IS_CONSTANT                            ; NO        ; Untyped                                        ;
; INPUT_B_IS_CONSTANT                            ; NO        ; Untyped                                        ;
; USE_EAB                                        ; OFF       ; Untyped                                        ;
; MAXIMIZE_SPEED                                 ; 5         ; Untyped                                        ;
; DEVICE_FAMILY                                  ; Cyclone V ; Untyped                                        ;
; CARRY_CHAIN                                    ; MANUAL    ; Untyped                                        ;
; APEX20K_TECHNOLOGY_MAPPER                      ; LUT       ; TECH_MAPPER_APEX20K                            ;
; DEDICATED_MULTIPLIER_CIRCUITRY                 ; AUTO      ; Untyped                                        ;
; DEDICATED_MULTIPLIER_MIN_INPUT_WIDTH_FOR_AUTO  ; 0         ; Untyped                                        ;
; DEDICATED_MULTIPLIER_MIN_OUTPUT_WIDTH_FOR_AUTO ; 0         ; Untyped                                        ;
; CBXI_PARAMETER                                 ; mult_71n  ; Untyped                                        ;
; INPUT_A_FIXED_VALUE                            ; Bx        ; Untyped                                        ;
; INPUT_B_FIXED_VALUE                            ; Bx        ; Untyped                                        ;
; USE_AHDL_IMPLEMENTATION                        ; OFF       ; Untyped                                        ;
+------------------------------------------------+-----------+------------------------------------------------+
Note: In order to hide this table in the UI and the text report file, please set the "Show Parameter Settings in Synthesis Report" option in "Analysis and Synthesis Settings -> More Settings" to "Off".


+-------------------------------------------------------------------------------------------------------------+
; Parameter Settings for User Entity Instance: mult:\mult_generation:14:mult_inst|lpm_mult:lpm_mult_component ;
+------------------------------------------------+-----------+------------------------------------------------+
; Parameter Name                                 ; Value     ; Type                                           ;
+------------------------------------------------+-----------+------------------------------------------------+
; AUTO_CARRY_CHAINS                              ; ON        ; AUTO_CARRY                                     ;
; IGNORE_CARRY_BUFFERS                           ; OFF       ; IGNORE_CARRY                                   ;
; AUTO_CASCADE_CHAINS                            ; ON        ; AUTO_CASCADE                                   ;
; IGNORE_CASCADE_BUFFERS                         ; OFF       ; IGNORE_CASCADE                                 ;
; LPM_WIDTHA                                     ; 16        ; Signed Integer                                 ;
; LPM_WIDTHB                                     ; 16        ; Signed Integer                                 ;
; LPM_WIDTHP                                     ; 32        ; Signed Integer                                 ;
; LPM_WIDTHR                                     ; 0         ; Untyped                                        ;
; LPM_WIDTHS                                     ; 1         ; Untyped                                        ;
; LPM_REPRESENTATION                             ; SIGNED    ; Untyped                                        ;
; LPM_PIPELINE                                   ; 0         ; Untyped                                        ;
; LATENCY                                        ; 0         ; Untyped                                        ;
; INPUT_A_IS_CONSTANT                            ; NO        ; Untyped                                        ;
; INPUT_B_IS_CONSTANT                            ; NO        ; Untyped                                        ;
; USE_EAB                                        ; OFF       ; Untyped                                        ;
; MAXIMIZE_SPEED                                 ; 5         ; Untyped                                        ;
; DEVICE_FAMILY                                  ; Cyclone V ; Untyped                                        ;
; CARRY_CHAIN                                    ; MANUAL    ; Untyped                                        ;
; APEX20K_TECHNOLOGY_MAPPER                      ; LUT       ; TECH_MAPPER_APEX20K                            ;
; DEDICATED_MULTIPLIER_CIRCUITRY                 ; AUTO      ; Untyped                                        ;
; DEDICATED_MULTIPLIER_MIN_INPUT_WIDTH_FOR_AUTO  ; 0         ; Untyped                                        ;
; DEDICATED_MULTIPLIER_MIN_OUTPUT_WIDTH_FOR_AUTO ; 0         ; Untyped                                        ;
; CBXI_PARAMETER                                 ; mult_71n  ; Untyped                                        ;
; INPUT_A_FIXED_VALUE                            ; Bx        ; Untyped                                        ;
; INPUT_B_FIXED_VALUE                            ; Bx        ; Untyped                                        ;
; USE_AHDL_IMPLEMENTATION                        ; OFF       ; Untyped                                        ;
+------------------------------------------------+-----------+------------------------------------------------+
Note: In order to hide this table in the UI and the text report file, please set the "Show Parameter Settings in Synthesis Report" option in "Analysis and Synthesis Settings -> More Settings" to "Off".


+-------------------------------------------------------------------------------------------------------------+
; Parameter Settings for User Entity Instance: mult:\mult_generation:15:mult_inst|lpm_mult:lpm_mult_component ;
+------------------------------------------------+-----------+------------------------------------------------+
; Parameter Name                                 ; Value     ; Type                                           ;
+------------------------------------------------+-----------+------------------------------------------------+
; AUTO_CARRY_CHAINS                              ; ON        ; AUTO_CARRY                                     ;
; IGNORE_CARRY_BUFFERS                           ; OFF       ; IGNORE_CARRY                                   ;
; AUTO_CASCADE_CHAINS                            ; ON        ; AUTO_CASCADE                                   ;
; IGNORE_CASCADE_BUFFERS                         ; OFF       ; IGNORE_CASCADE                                 ;
; LPM_WIDTHA                                     ; 16        ; Signed Integer                                 ;
; LPM_WIDTHB                                     ; 16        ; Signed Integer                                 ;
; LPM_WIDTHP                                     ; 32        ; Signed Integer                                 ;
; LPM_WIDTHR                                     ; 0         ; Untyped                                        ;
; LPM_WIDTHS                                     ; 1         ; Untyped                                        ;
; LPM_REPRESENTATION                             ; SIGNED    ; Untyped                                        ;
; LPM_PIPELINE                                   ; 0         ; Untyped                                        ;
; LATENCY                                        ; 0         ; Untyped                                        ;
; INPUT_A_IS_CONSTANT                            ; NO        ; Untyped                                        ;
; INPUT_B_IS_CONSTANT                            ; NO        ; Untyped                                        ;
; USE_EAB                                        ; OFF       ; Untyped                                        ;
; MAXIMIZE_SPEED                                 ; 5         ; Untyped                                        ;
; DEVICE_FAMILY                                  ; Cyclone V ; Untyped                                        ;
; CARRY_CHAIN                                    ; MANUAL    ; Untyped                                        ;
; APEX20K_TECHNOLOGY_MAPPER                      ; LUT       ; TECH_MAPPER_APEX20K                            ;
; DEDICATED_MULTIPLIER_CIRCUITRY                 ; AUTO      ; Untyped                                        ;
; DEDICATED_MULTIPLIER_MIN_INPUT_WIDTH_FOR_AUTO  ; 0         ; Untyped                                        ;
; DEDICATED_MULTIPLIER_MIN_OUTPUT_WIDTH_FOR_AUTO ; 0         ; Untyped                                        ;
; CBXI_PARAMETER                                 ; mult_71n  ; Untyped                                        ;
; INPUT_A_FIXED_VALUE                            ; Bx        ; Untyped                                        ;
; INPUT_B_FIXED_VALUE                            ; Bx        ; Untyped                                        ;
; USE_AHDL_IMPLEMENTATION                        ; OFF       ; Untyped                                        ;
+------------------------------------------------+-----------+------------------------------------------------+
Note: In order to hide this table in the UI and the text report file, please set the "Show Parameter Settings in Synthesis Report" option in "Analysis and Synthesis Settings -> More Settings" to "Off".


+-------------------------------------------------------------------------------------------------------------+
; Parameter Settings for User Entity Instance: mult:\mult_generation:16:mult_inst|lpm_mult:lpm_mult_component ;
+------------------------------------------------+-----------+------------------------------------------------+
; Parameter Name                                 ; Value     ; Type                                           ;
+------------------------------------------------+-----------+------------------------------------------------+
; AUTO_CARRY_CHAINS                              ; ON        ; AUTO_CARRY                                     ;
; IGNORE_CARRY_BUFFERS                           ; OFF       ; IGNORE_CARRY                                   ;
; AUTO_CASCADE_CHAINS                            ; ON        ; AUTO_CASCADE                                   ;
; IGNORE_CASCADE_BUFFERS                         ; OFF       ; IGNORE_CASCADE                                 ;
; LPM_WIDTHA                                     ; 16        ; Signed Integer                                 ;
; LPM_WIDTHB                                     ; 16        ; Signed Integer                                 ;
; LPM_WIDTHP                                     ; 32        ; Signed Integer                                 ;
; LPM_WIDTHR                                     ; 0         ; Untyped                                        ;
; LPM_WIDTHS                                     ; 1         ; Untyped                                        ;
; LPM_REPRESENTATION                             ; SIGNED    ; Untyped                                        ;
; LPM_PIPELINE                                   ; 0         ; Untyped                                        ;
; LATENCY                                        ; 0         ; Untyped                                        ;
; INPUT_A_IS_CONSTANT                            ; NO        ; Untyped                                        ;
; INPUT_B_IS_CONSTANT                            ; NO        ; Untyped                                        ;
; USE_EAB                                        ; OFF       ; Untyped                                        ;
; MAXIMIZE_SPEED                                 ; 5         ; Untyped                                        ;
; DEVICE_FAMILY                                  ; Cyclone V ; Untyped                                        ;
; CARRY_CHAIN                                    ; MANUAL    ; Untyped                                        ;
; APEX20K_TECHNOLOGY_MAPPER                      ; LUT       ; TECH_MAPPER_APEX20K                            ;
; DEDICATED_MULTIPLIER_CIRCUITRY                 ; AUTO      ; Untyped                                        ;
; DEDICATED_MULTIPLIER_MIN_INPUT_WIDTH_FOR_AUTO  ; 0         ; Untyped                                        ;
; DEDICATED_MULTIPLIER_MIN_OUTPUT_WIDTH_FOR_AUTO ; 0         ; Untyped                                        ;
; CBXI_PARAMETER                                 ; mult_71n  ; Untyped                                        ;
; INPUT_A_FIXED_VALUE                            ; Bx        ; Untyped                                        ;
; INPUT_B_FIXED_VALUE                            ; Bx        ; Untyped                                        ;
; USE_AHDL_IMPLEMENTATION                        ; OFF       ; Untyped                                        ;
+------------------------------------------------+-----------+------------------------------------------------+
Note: In order to hide this table in the UI and the text report file, please set the "Show Parameter Settings in Synthesis Report" option in "Analysis and Synthesis Settings -> More Settings" to "Off".


+--------------------------------------------------------------------------------------------------------+
; lpm_mult Parameter Settings by Entity Instance                                                         ;
+---------------------------------------+----------------------------------------------------------------+
; Name                                  ; Value                                                          ;
+---------------------------------------+----------------------------------------------------------------+
; Number of entity instances            ; 17                                                             ;
; Entity Instance                       ; mult:\mult_generation:0:mult_inst|lpm_mult:lpm_mult_component  ;
;     -- LPM_WIDTHA                     ; 16                                                             ;
;     -- LPM_WIDTHB                     ; 16                                                             ;
;     -- LPM_WIDTHP                     ; 32                                                             ;
;     -- LPM_REPRESENTATION             ; SIGNED                                                         ;
;     -- INPUT_A_IS_CONSTANT            ; NO                                                             ;
;     -- INPUT_B_IS_CONSTANT            ; NO                                                             ;
;     -- USE_EAB                        ; OFF                                                            ;
;     -- DEDICATED_MULTIPLIER_CIRCUITRY ; AUTO                                                           ;
;     -- INPUT_A_FIXED_VALUE            ; Bx                                                             ;
;     -- INPUT_B_FIXED_VALUE            ; Bx                                                             ;
; Entity Instance                       ; mult:\mult_generation:1:mult_inst|lpm_mult:lpm_mult_component  ;
;     -- LPM_WIDTHA                     ; 16                                                             ;
;     -- LPM_WIDTHB                     ; 16                                                             ;
;     -- LPM_WIDTHP                     ; 32                                                             ;
;     -- LPM_REPRESENTATION             ; SIGNED                                                         ;
;     -- INPUT_A_IS_CONSTANT            ; NO                                                             ;
;     -- INPUT_B_IS_CONSTANT            ; NO                                                             ;
;     -- USE_EAB                        ; OFF                                                            ;
;     -- DEDICATED_MULTIPLIER_CIRCUITRY ; AUTO                                                           ;
;     -- INPUT_A_FIXED_VALUE            ; Bx                                                             ;
;     -- INPUT_B_FIXED_VALUE            ; Bx                                                             ;
; Entity Instance                       ; mult:\mult_generation:2:mult_inst|lpm_mult:lpm_mult_component  ;
;     -- LPM_WIDTHA                     ; 16                                                             ;
;     -- LPM_WIDTHB                     ; 16                                                             ;
;     -- LPM_WIDTHP                     ; 32                                                             ;
;     -- LPM_REPRESENTATION             ; SIGNED                                                         ;
;     -- INPUT_A_IS_CONSTANT            ; NO                                                             ;
;     -- INPUT_B_IS_CONSTANT            ; NO                                                             ;
;     -- USE_EAB                        ; OFF                                                            ;
;     -- DEDICATED_MULTIPLIER_CIRCUITRY ; AUTO                                                           ;
;     -- INPUT_A_FIXED_VALUE            ; Bx                                                             ;
;     -- INPUT_B_FIXED_VALUE            ; Bx                                                             ;
; Entity Instance                       ; mult:\mult_generation:3:mult_inst|lpm_mult:lpm_mult_component  ;
;     -- LPM_WIDTHA                     ; 16                                                             ;
;     -- LPM_WIDTHB                     ; 16                                                             ;
;     -- LPM_WIDTHP                     ; 32                                                             ;
;     -- LPM_REPRESENTATION             ; SIGNED                                                         ;
;     -- INPUT_A_IS_CONSTANT            ; NO                                                             ;
;     -- INPUT_B_IS_CONSTANT            ; NO                                                             ;
;     -- USE_EAB                        ; OFF                                                            ;
;     -- DEDICATED_MULTIPLIER_CIRCUITRY ; AUTO                                                           ;
;     -- INPUT_A_FIXED_VALUE            ; Bx                                                             ;
;     -- INPUT_B_FIXED_VALUE            ; Bx                                                             ;
; Entity Instance                       ; mult:\mult_generation:4:mult_inst|lpm_mult:lpm_mult_component  ;
;     -- LPM_WIDTHA                     ; 16                                                             ;
;     -- LPM_WIDTHB                     ; 16                                                             ;
;     -- LPM_WIDTHP                     ; 32                                                             ;
;     -- LPM_REPRESENTATION             ; SIGNED                                                         ;
;     -- INPUT_A_IS_CONSTANT            ; NO                                                             ;
;     -- INPUT_B_IS_CONSTANT            ; NO                                                             ;
;     -- USE_EAB                        ; OFF                                                            ;
;     -- DEDICATED_MULTIPLIER_CIRCUITRY ; AUTO                                                           ;
;     -- INPUT_A_FIXED_VALUE            ; Bx                                                             ;
;     -- INPUT_B_FIXED_VALUE            ; Bx                                                             ;
; Entity Instance                       ; mult:\mult_generation:5:mult_inst|lpm_mult:lpm_mult_component  ;
;     -- LPM_WIDTHA                     ; 16                                                             ;
;     -- LPM_WIDTHB                     ; 16                                                             ;
;     -- LPM_WIDTHP                     ; 32                                                             ;
;     -- LPM_REPRESENTATION             ; SIGNED                                                         ;
;     -- INPUT_A_IS_CONSTANT            ; NO                                                             ;
;     -- INPUT_B_IS_CONSTANT            ; NO                                                             ;
;     -- USE_EAB                        ; OFF                                                            ;
;     -- DEDICATED_MULTIPLIER_CIRCUITRY ; AUTO                                                           ;
;     -- INPUT_A_FIXED_VALUE            ; Bx                                                             ;
;     -- INPUT_B_FIXED_VALUE            ; Bx                                                             ;
; Entity Instance                       ; mult:\mult_generation:6:mult_inst|lpm_mult:lpm_mult_component  ;
;     -- LPM_WIDTHA                     ; 16                                                             ;
;     -- LPM_WIDTHB                     ; 16                                                             ;
;     -- LPM_WIDTHP                     ; 32                                                             ;
;     -- LPM_REPRESENTATION             ; SIGNED                                                         ;
;     -- INPUT_A_IS_CONSTANT            ; NO                                                             ;
;     -- INPUT_B_IS_CONSTANT            ; NO                                                             ;
;     -- USE_EAB                        ; OFF                                                            ;
;     -- DEDICATED_MULTIPLIER_CIRCUITRY ; AUTO                                                           ;
;     -- INPUT_A_FIXED_VALUE            ; Bx                                                             ;
;     -- INPUT_B_FIXED_VALUE            ; Bx                                                             ;
; Entity Instance                       ; mult:\mult_generation:7:mult_inst|lpm_mult:lpm_mult_component  ;
;     -- LPM_WIDTHA                     ; 16                                                             ;
;     -- LPM_WIDTHB                     ; 16                                                             ;
;     -- LPM_WIDTHP                     ; 32                                                             ;
;     -- LPM_REPRESENTATION             ; SIGNED                                                         ;
;     -- INPUT_A_IS_CONSTANT            ; NO                                                             ;
;     -- INPUT_B_IS_CONSTANT            ; NO                                                             ;
;     -- USE_EAB                        ; OFF                                                            ;
;     -- DEDICATED_MULTIPLIER_CIRCUITRY ; AUTO                                                           ;
;     -- INPUT_A_FIXED_VALUE            ; Bx                                                             ;
;     -- INPUT_B_FIXED_VALUE            ; Bx                                                             ;
; Entity Instance                       ; mult:\mult_generation:8:mult_inst|lpm_mult:lpm_mult_component  ;
;     -- LPM_WIDTHA                     ; 16                                                             ;
;     -- LPM_WIDTHB                     ; 16                                                             ;
;     -- LPM_WIDTHP                     ; 32                                                             ;
;     -- LPM_REPRESENTATION             ; SIGNED                                                         ;
;     -- INPUT_A_IS_CONSTANT            ; NO                                                             ;
;     -- INPUT_B_IS_CONSTANT            ; NO                                                             ;
;     -- USE_EAB                        ; OFF                                                            ;
;     -- DEDICATED_MULTIPLIER_CIRCUITRY ; AUTO                                                           ;
;     -- INPUT_A_FIXED_VALUE            ; Bx                                                             ;
;     -- INPUT_B_FIXED_VALUE            ; Bx                                                             ;
; Entity Instance                       ; mult:\mult_generation:9:mult_inst|lpm_mult:lpm_mult_component  ;
;     -- LPM_WIDTHA                     ; 16                                                             ;
;     -- LPM_WIDTHB                     ; 16                                                             ;
;     -- LPM_WIDTHP                     ; 32                                                             ;
;     -- LPM_REPRESENTATION             ; SIGNED                                                         ;
;     -- INPUT_A_IS_CONSTANT            ; NO                                                             ;
;     -- INPUT_B_IS_CONSTANT            ; NO                                                             ;
;     -- USE_EAB                        ; OFF                                                            ;
;     -- DEDICATED_MULTIPLIER_CIRCUITRY ; AUTO                                                           ;
;     -- INPUT_A_FIXED_VALUE            ; Bx                                                             ;
;     -- INPUT_B_FIXED_VALUE            ; Bx                                                             ;
; Entity Instance                       ; mult:\mult_generation:10:mult_inst|lpm_mult:lpm_mult_component ;
;     -- LPM_WIDTHA                     ; 16                                                             ;
;     -- LPM_WIDTHB                     ; 16                                                             ;
;     -- LPM_WIDTHP                     ; 32                                                             ;
;     -- LPM_REPRESENTATION             ; SIGNED                                                         ;
;     -- INPUT_A_IS_CONSTANT            ; NO                                                             ;
;     -- INPUT_B_IS_CONSTANT            ; NO                                                             ;
;     -- USE_EAB                        ; OFF                                                            ;
;     -- DEDICATED_MULTIPLIER_CIRCUITRY ; AUTO                                                           ;
;     -- INPUT_A_FIXED_VALUE            ; Bx                                                             ;
;     -- INPUT_B_FIXED_VALUE            ; Bx                                                             ;
; Entity Instance                       ; mult:\mult_generation:11:mult_inst|lpm_mult:lpm_mult_component ;
;     -- LPM_WIDTHA                     ; 16                                                             ;
;     -- LPM_WIDTHB                     ; 16                                                             ;
;     -- LPM_WIDTHP                     ; 32                                                             ;
;     -- LPM_REPRESENTATION             ; SIGNED                                                         ;
;     -- INPUT_A_IS_CONSTANT            ; NO                                                             ;
;     -- INPUT_B_IS_CONSTANT            ; NO                                                             ;
;     -- USE_EAB                        ; OFF                                                            ;
;     -- DEDICATED_MULTIPLIER_CIRCUITRY ; AUTO                                                           ;
;     -- INPUT_A_FIXED_VALUE            ; Bx                                                             ;
;     -- INPUT_B_FIXED_VALUE            ; Bx                                                             ;
; Entity Instance                       ; mult:\mult_generation:12:mult_inst|lpm_mult:lpm_mult_component ;
;     -- LPM_WIDTHA                     ; 16                                                             ;
;     -- LPM_WIDTHB                     ; 16                                                             ;
;     -- LPM_WIDTHP                     ; 32                                                             ;
;     -- LPM_REPRESENTATION             ; SIGNED                                                         ;
;     -- INPUT_A_IS_CONSTANT            ; NO                                                             ;
;     -- INPUT_B_IS_CONSTANT            ; NO                                                             ;
;     -- USE_EAB                        ; OFF                                                            ;
;     -- DEDICATED_MULTIPLIER_CIRCUITRY ; AUTO                                                           ;
;     -- INPUT_A_FIXED_VALUE            ; Bx                                                             ;
;     -- INPUT_B_FIXED_VALUE            ; Bx                                                             ;
; Entity Instance                       ; mult:\mult_generation:13:mult_inst|lpm_mult:lpm_mult_component ;
;     -- LPM_WIDTHA                     ; 16                                                             ;
;     -- LPM_WIDTHB                     ; 16                                                             ;
;     -- LPM_WIDTHP                     ; 32                                                             ;
;     -- LPM_REPRESENTATION             ; SIGNED                                                         ;
;     -- INPUT_A_IS_CONSTANT            ; NO                                                             ;
;     -- INPUT_B_IS_CONSTANT            ; NO                                                             ;
;     -- USE_EAB                        ; OFF                                                            ;
;     -- DEDICATED_MULTIPLIER_CIRCUITRY ; AUTO                                                           ;
;     -- INPUT_A_FIXED_VALUE            ; Bx                                                             ;
;     -- INPUT_B_FIXED_VALUE            ; Bx                                                             ;
; Entity Instance                       ; mult:\mult_generation:14:mult_inst|lpm_mult:lpm_mult_component ;
;     -- LPM_WIDTHA                     ; 16                                                             ;
;     -- LPM_WIDTHB                     ; 16                                                             ;
;     -- LPM_WIDTHP                     ; 32                                                             ;
;     -- LPM_REPRESENTATION             ; SIGNED                                                         ;
;     -- INPUT_A_IS_CONSTANT            ; NO                                                             ;
;     -- INPUT_B_IS_CONSTANT            ; NO                                                             ;
;     -- USE_EAB                        ; OFF                                                            ;
;     -- DEDICATED_MULTIPLIER_CIRCUITRY ; AUTO                                                           ;
;     -- INPUT_A_FIXED_VALUE            ; Bx                                                             ;
;     -- INPUT_B_FIXED_VALUE            ; Bx                                                             ;
; Entity Instance                       ; mult:\mult_generation:15:mult_inst|lpm_mult:lpm_mult_component ;
;     -- LPM_WIDTHA                     ; 16                                                             ;
;     -- LPM_WIDTHB                     ; 16                                                             ;
;     -- LPM_WIDTHP                     ; 32                                                             ;
;     -- LPM_REPRESENTATION             ; SIGNED                                                         ;
;     -- INPUT_A_IS_CONSTANT            ; NO                                                             ;
;     -- INPUT_B_IS_CONSTANT            ; NO                                                             ;
;     -- USE_EAB                        ; OFF                                                            ;
;     -- DEDICATED_MULTIPLIER_CIRCUITRY ; AUTO                                                           ;
;     -- INPUT_A_FIXED_VALUE            ; Bx                                                             ;
;     -- INPUT_B_FIXED_VALUE            ; Bx                                                             ;
; Entity Instance                       ; mult:\mult_generation:16:mult_inst|lpm_mult:lpm_mult_component ;
;     -- LPM_WIDTHA                     ; 16                                                             ;
;     -- LPM_WIDTHB                     ; 16                                                             ;
;     -- LPM_WIDTHP                     ; 32                                                             ;
;     -- LPM_REPRESENTATION             ; SIGNED                                                         ;
;     -- INPUT_A_IS_CONSTANT            ; NO                                                             ;
;     -- INPUT_B_IS_CONSTANT            ; NO                                                             ;
;     -- USE_EAB                        ; OFF                                                            ;
;     -- DEDICATED_MULTIPLIER_CIRCUITRY ; AUTO                                                           ;
;     -- INPUT_A_FIXED_VALUE            ; Bx                                                             ;
;     -- INPUT_B_FIXED_VALUE            ; Bx                                                             ;
+---------------------------------------+----------------------------------------------------------------+


+----------------------------------------------------------------+
; Port Connectivity Checks: "mult:\mult_generation:16:mult_inst" ;
+--------------+-------+----------+------------------------------+
; Port         ; Type  ; Severity ; Details                      ;
+--------------+-------+----------+------------------------------+
; datab[15..7] ; Input ; Info     ; Stuck at GND                 ;
; datab[3..2]  ; Input ; Info     ; Stuck at GND                 ;
; datab[6]     ; Input ; Info     ; Stuck at VCC                 ;
; datab[5]     ; Input ; Info     ; Stuck at GND                 ;
; datab[4]     ; Input ; Info     ; Stuck at VCC                 ;
; datab[1]     ; Input ; Info     ; Stuck at VCC                 ;
; datab[0]     ; Input ; Info     ; Stuck at GND                 ;
+--------------+-------+----------+------------------------------+


+----------------------------------------------------------------+
; Port Connectivity Checks: "mult:\mult_generation:15:mult_inst" ;
+--------------+-------+----------+------------------------------+
; Port         ; Type  ; Severity ; Details                      ;
+--------------+-------+----------+------------------------------+
; datab[5..3]  ; Input ; Info     ; Stuck at VCC                 ;
; datab[1..0]  ; Input ; Info     ; Stuck at VCC                 ;
; datab[15..8] ; Input ; Info     ; Stuck at GND                 ;
; datab[7]     ; Input ; Info     ; Stuck at VCC                 ;
; datab[6]     ; Input ; Info     ; Stuck at GND                 ;
; datab[2]     ; Input ; Info     ; Stuck at GND                 ;
+--------------+-------+----------+------------------------------+


+----------------------------------------------------------------+
; Port Connectivity Checks: "mult:\mult_generation:14:mult_inst" ;
+--------------+-------+----------+------------------------------+
; Port         ; Type  ; Severity ; Details                      ;
+--------------+-------+----------+------------------------------+
; datab[8..5]  ; Input ; Info     ; Stuck at VCC                 ;
; datab[15..9] ; Input ; Info     ; Stuck at GND                 ;
; datab[4..2]  ; Input ; Info     ; Stuck at GND                 ;
; datab[1]     ; Input ; Info     ; Stuck at VCC                 ;
; datab[0]     ; Input ; Info     ; Stuck at GND                 ;
+--------------+-------+----------+------------------------------+


+----------------------------------------------------------------+
; Port Connectivity Checks: "mult:\mult_generation:13:mult_inst" ;
+---------------+-------+----------+-----------------------------+
; Port          ; Type  ; Severity ; Details                     ;
+---------------+-------+----------+-----------------------------+
; datab[15..11] ; Input ; Info     ; Stuck at GND                ;
; datab[9..4]   ; Input ; Info     ; Stuck at GND                ;
; datab[2..0]   ; Input ; Info     ; Stuck at GND                ;
; datab[10]     ; Input ; Info     ; Stuck at VCC                ;
; datab[3]      ; Input ; Info     ; Stuck at VCC                ;
+---------------+-------+----------+-----------------------------+


+----------------------------------------------------------------+
; Port Connectivity Checks: "mult:\mult_generation:12:mult_inst" ;
+---------------+-------+----------+-----------------------------+
; Port          ; Type  ; Severity ; Details                     ;
+---------------+-------+----------+-----------------------------+
; datab[10..8]  ; Input ; Info     ; Stuck at VCC                ;
; datab[4..3]   ; Input ; Info     ; Stuck at VCC                ;
; datab[1..0]   ; Input ; Info     ; Stuck at VCC                ;
; datab[15..11] ; Input ; Info     ; Stuck at GND                ;
; datab[7..5]   ; Input ; Info     ; Stuck at GND                ;
; datab[2]      ; Input ; Info     ; Stuck at GND                ;
+---------------+-------+----------+-----------------------------+


+----------------------------------------------------------------+
; Port Connectivity Checks: "mult:\mult_generation:11:mult_inst" ;
+---------------+-------+----------+-----------------------------+
; Port          ; Type  ; Severity ; Details                     ;
+---------------+-------+----------+-----------------------------+
; datab[3..2]   ; Input ; Info     ; Stuck at VCC                ;
; datab[15..12] ; Input ; Info     ; Stuck at GND                ;
; datab[11]     ; Input ; Info     ; Stuck at VCC                ;
; datab[10]     ; Input ; Info     ; Stuck at GND                ;
; datab[9]      ; Input ; Info     ; Stuck at VCC                ;
; datab[8]      ; Input ; Info     ; Stuck at GND                ;
; datab[7]      ; Input ; Info     ; Stuck at VCC                ;
; datab[6]      ; Input ; Info     ; Stuck at GND                ;
; datab[5]      ; Input ; Info     ; Stuck at VCC                ;
; datab[4]      ; Input ; Info     ; Stuck at GND                ;
; datab[1]      ; Input ; Info     ; Stuck at GND                ;
; datab[0]      ; Input ; Info     ; Stuck at VCC                ;
+---------------+-------+----------+-----------------------------+


+----------------------------------------------------------------+
; Port Connectivity Checks: "mult:\mult_generation:10:mult_inst" ;
+---------------+-------+----------+-----------------------------+
; Port          ; Type  ; Severity ; Details                     ;
+---------------+-------+----------+-----------------------------+
; datab[11..9]  ; Input ; Info     ; Stuck at VCC                ;
; datab[15..12] ; Input ; Info     ; Stuck at GND                ;
; datab[8..5]   ; Input ; Info     ; Stuck at GND                ;
; datab[3..1]   ; Input ; Info     ; Stuck at GND                ;
; datab[4]      ; Input ; Info     ; Stuck at VCC                ;
; datab[0]      ; Input ; Info     ; Stuck at VCC                ;
+---------------+-------+----------+-----------------------------+


+---------------------------------------------------------------+
; Port Connectivity Checks: "mult:\mult_generation:9:mult_inst" ;
+---------------+-------+----------+----------------------------+
; Port          ; Type  ; Severity ; Details                    ;
+---------------+-------+----------+----------------------------+
; datab[15..13] ; Input ; Info     ; Stuck at GND               ;
; datab[11..8]  ; Input ; Info     ; Stuck at GND               ;
; datab[6..0]   ; Input ; Info     ; Stuck at GND               ;
; datab[12]     ; Input ; Info     ; Stuck at VCC               ;
; datab[7]      ; Input ; Info     ; Stuck at VCC               ;
+---------------+-------+----------+----------------------------+


+---------------------------------------------------------------+
; Port Connectivity Checks: "mult:\mult_generation:8:mult_inst" ;
+---------------+-------+----------+----------------------------+
; Port          ; Type  ; Severity ; Details                    ;
+---------------+-------+----------+----------------------------+
; datab[6..5]   ; Input ; Info     ; Stuck at VCC               ;
; datab[15..13] ; Input ; Info     ; Stuck at GND               ;
; datab[11..9]  ; Input ; Info     ; Stuck at GND               ;
; datab[4..2]   ; Input ; Info     ; Stuck at GND               ;
; datab[12]     ; Input ; Info     ; Stuck at VCC               ;
; datab[8]      ; Input ; Info     ; Stuck at VCC               ;
; datab[7]      ; Input ; Info     ; Stuck at GND               ;
; datab[1]      ; Input ; Info     ; Stuck at VCC               ;
; datab[0]      ; Input ; Info     ; Stuck at GND               ;
+---------------+-------+----------+----------------------------+


+---------------------------------------------------------------+
; Port Connectivity Checks: "mult:\mult_generation:7:mult_inst" ;
+---------------+-------+----------+----------------------------+
; Port          ; Type  ; Severity ; Details                    ;
+---------------+-------+----------+----------------------------+
; datab[15..13] ; Input ; Info     ; Stuck at GND               ;
; datab[11..8]  ; Input ; Info     ; Stuck at GND               ;
; datab[6..0]   ; Input ; Info     ; Stuck at GND               ;
; datab[12]     ; Input ; Info     ; Stuck at VCC               ;
; datab[7]      ; Input ; Info     ; Stuck at VCC               ;
+---------------+-------+----------+----------------------------+


+---------------------------------------------------------------+
; Port Connectivity Checks: "mult:\mult_generation:6:mult_inst" ;
+---------------+-------+----------+----------------------------+
; Port          ; Type  ; Severity ; Details                    ;
+---------------+-------+----------+----------------------------+
; datab[11..9]  ; Input ; Info     ; Stuck at VCC               ;
; datab[15..12] ; Input ; Info     ; Stuck at GND               ;
; datab[8..5]   ; Input ; Info     ; Stuck at GND               ;
; datab[3..1]   ; Input ; Info     ; Stuck at GND               ;
; datab[4]      ; Input ; Info     ; Stuck at VCC               ;
; datab[0]      ; Input ; Info     ; Stuck at VCC               ;
+---------------+-------+----------+----------------------------+


+---------------------------------------------------------------+
; Port Connectivity Checks: "mult:\mult_generation:5:mult_inst" ;
+---------------+-------+----------+----------------------------+
; Port          ; Type  ; Severity ; Details                    ;
+---------------+-------+----------+----------------------------+
; datab[3..2]   ; Input ; Info     ; Stuck at VCC               ;
; datab[15..12] ; Input ; Info     ; Stuck at GND               ;
; datab[11]     ; Input ; Info     ; Stuck at VCC               ;
; datab[10]     ; Input ; Info     ; Stuck at GND               ;
; datab[9]      ; Input ; Info     ; Stuck at VCC               ;
; datab[8]      ; Input ; Info     ; Stuck at GND               ;
; datab[7]      ; Input ; Info     ; Stuck at VCC               ;
; datab[6]      ; Input ; Info     ; Stuck at GND               ;
; datab[5]      ; Input ; Info     ; Stuck at VCC               ;
; datab[4]      ; Input ; Info     ; Stuck at GND               ;
; datab[1]      ; Input ; Info     ; Stuck at GND               ;
; datab[0]      ; Input ; Info     ; Stuck at VCC               ;
+---------------+-------+----------+----------------------------+


+---------------------------------------------------------------+
; Port Connectivity Checks: "mult:\mult_generation:4:mult_inst" ;
+---------------+-------+----------+----------------------------+
; Port          ; Type  ; Severity ; Details                    ;
+---------------+-------+----------+----------------------------+
; datab[10..8]  ; Input ; Info     ; Stuck at VCC               ;
; datab[4..3]   ; Input ; Info     ; Stuck at VCC               ;
; datab[1..0]   ; Input ; Info     ; Stuck at VCC               ;
; datab[15..11] ; Input ; Info     ; Stuck at GND               ;
; datab[7..5]   ; Input ; Info     ; Stuck at GND               ;
; datab[2]      ; Input ; Info     ; Stuck at GND               ;
+---------------+-------+----------+----------------------------+


+---------------------------------------------------------------+
; Port Connectivity Checks: "mult:\mult_generation:3:mult_inst" ;
+---------------+-------+----------+----------------------------+
; Port          ; Type  ; Severity ; Details                    ;
+---------------+-------+----------+----------------------------+
; datab[15..11] ; Input ; Info     ; Stuck at GND               ;
; datab[9..4]   ; Input ; Info     ; Stuck at GND               ;
; datab[2..0]   ; Input ; Info     ; Stuck at GND               ;
; datab[10]     ; Input ; Info     ; Stuck at VCC               ;
; datab[3]      ; Input ; Info     ; Stuck at VCC               ;
+---------------+-------+----------+----------------------------+


+---------------------------------------------------------------+
; Port Connectivity Checks: "mult:\mult_generation:2:mult_inst" ;
+--------------+-------+----------+-----------------------------+
; Port         ; Type  ; Severity ; Details                     ;
+--------------+-------+----------+-----------------------------+
; datab[8..5]  ; Input ; Info     ; Stuck at VCC                ;
; datab[15..9] ; Input ; Info     ; Stuck at GND                ;
; datab[4..2]  ; Input ; Info     ; Stuck at GND                ;
; datab[1]     ; Input ; Info     ; Stuck at VCC                ;
; datab[0]     ; Input ; Info     ; Stuck at GND                ;
+--------------+-------+----------+-----------------------------+


+---------------------------------------------------------------+
; Port Connectivity Checks: "mult:\mult_generation:1:mult_inst" ;
+--------------+-------+----------+-----------------------------+
; Port         ; Type  ; Severity ; Details                     ;
+--------------+-------+----------+-----------------------------+
; datab[5..3]  ; Input ; Info     ; Stuck at VCC                ;
; datab[1..0]  ; Input ; Info     ; Stuck at VCC                ;
; datab[15..8] ; Input ; Info     ; Stuck at GND                ;
; datab[7]     ; Input ; Info     ; Stuck at VCC                ;
; datab[6]     ; Input ; Info     ; Stuck at GND                ;
; datab[2]     ; Input ; Info     ; Stuck at GND                ;
+--------------+-------+----------+-----------------------------+


+---------------------------------------------------------------+
; Port Connectivity Checks: "mult:\mult_generation:0:mult_inst" ;
+--------------+-------+----------+-----------------------------+
; Port         ; Type  ; Severity ; Details                     ;
+--------------+-------+----------+-----------------------------+
; datab[15..7] ; Input ; Info     ; Stuck at GND                ;
; datab[3..2]  ; Input ; Info     ; Stuck at GND                ;
; datab[6]     ; Input ; Info     ; Stuck at VCC                ;
; datab[5]     ; Input ; Info     ; Stuck at GND                ;
; datab[4]     ; Input ; Info     ; Stuck at VCC                ;
; datab[1]     ; Input ; Info     ; Stuck at VCC                ;
; datab[0]     ; Input ; Info     ; Stuck at GND                ;
+--------------+-------+----------+-----------------------------+


+-----------------------------------------------------+
; Post-Synthesis Netlist Statistics for Top Partition ;
+-------------------+---------------------------------+
; Type              ; Count                           ;
+-------------------+---------------------------------+
; arriav_ff         ; 288                             ;
;     ENA CLR       ; 288                             ;
; arriav_mac        ; 16                              ;
; boundary_port     ; 35                              ;
;                   ;                                 ;
; Max LUT depth     ; 0.00                            ;
; Average LUT depth ; 0.00                            ;
+-------------------+---------------------------------+


+-------------------------------+
; Elapsed Time Per Partition    ;
+----------------+--------------+
; Partition Name ; Elapsed Time ;
+----------------+--------------+
; Top            ; 00:00:00     ;
+----------------+--------------+


+-------------------------------+
; Analysis & Synthesis Messages ;
+-------------------------------+
Info: *******************************************************************
Info: Running Quartus Prime Analysis & Synthesis
    Info: Version 18.1.0 Build 625 09/12/2018 SJ Lite Edition
    Info: Processing started: Mon Nov 17 16:01:00 2025
Info: Command: quartus_map --read_settings_files=on --write_settings_files=off low_pass_filter -c low_pass_filter
Warning (18236): Number of processors has not been specified which may cause overloading on shared machines.  Set the global assignment NUM_PARALLEL_PROCESSORS in your QSF to an appropriate value for best performance.
Info (20030): Parallel compilation is enabled and will use 16 of the 16 processors detected
Info (12021): Found 2 design units, including 1 entities, in source file mult.vhd
    Info (12022): Found design unit 1: mult-SYN File: C:/Users/Jeffrey T/Documents/RIT/RIT-Notes/RIT2025-26/0 CPET561/Labs/Lab8/low_pass_filter/mult.vhd Line: 52
    Info (12023): Found entity 1: mult File: C:/Users/Jeffrey T/Documents/RIT/RIT-Notes/RIT2025-26/0 CPET561/Labs/Lab8/low_pass_filter/mult.vhd Line: 42
Warning (12125): Using design file low_pass_filter.vhd, which is not specified as a design file for the current project, but contains definitions for 2 design units and 1 entities in project
    Info (12022): Found design unit 1: low_pass_filter-beh File: C:/Users/Jeffrey T/Documents/RIT/RIT-Notes/RIT2025-26/0 CPET561/Labs/Lab8/low_pass_filter/low_pass_filter.vhd Line: 20
    Info (12023): Found entity 1: low_pass_filter File: C:/Users/Jeffrey T/Documents/RIT/RIT-Notes/RIT2025-26/0 CPET561/Labs/Lab8/low_pass_filter/low_pass_filter.vhd Line: 9
Info (12127): Elaborating entity "low_pass_filter" for the top level hierarchy
Info (12128): Elaborating entity "mult" for hierarchy "mult:\mult_generation:0:mult_inst" File: C:/Users/Jeffrey T/Documents/RIT/RIT-Notes/RIT2025-26/0 CPET561/Labs/Lab8/low_pass_filter/low_pass_filter.vhd Line: 67
Info (12128): Elaborating entity "lpm_mult" for hierarchy "mult:\mult_generation:0:mult_inst|lpm_mult:lpm_mult_component" File: C:/Users/Jeffrey T/Documents/RIT/RIT-Notes/RIT2025-26/0 CPET561/Labs/Lab8/low_pass_filter/mult.vhd Line: 77
Info (12130): Elaborated megafunction instantiation "mult:\mult_generation:0:mult_inst|lpm_mult:lpm_mult_component" File: C:/Users/Jeffrey T/Documents/RIT/RIT-Notes/RIT2025-26/0 CPET561/Labs/Lab8/low_pass_filter/mult.vhd Line: 77
Info (12133): Instantiated megafunction "mult:\mult_generation:0:mult_inst|lpm_mult:lpm_mult_component" with the following parameter: File: C:/Users/Jeffrey T/Documents/RIT/RIT-Notes/RIT2025-26/0 CPET561/Labs/Lab8/low_pass_filter/mult.vhd Line: 77
    Info (12134): Parameter "lpm_hint" = "MAXIMIZE_SPEED=5"
    Info (12134): Parameter "lpm_representation" = "SIGNED"
    Info (12134): Parameter "lpm_type" = "LPM_MULT"
    Info (12134): Parameter "lpm_widtha" = "16"
    Info (12134): Parameter "lpm_widthb" = "16"
    Info (12134): Parameter "lpm_widthp" = "32"
Info (12021): Found 1 design units, including 1 entities, in source file db/mult_71n.v
    Info (12023): Found entity 1: mult_71n File: C:/Users/Jeffrey T/Documents/RIT/RIT-Notes/RIT2025-26/0 CPET561/Labs/Lab8/low_pass_filter/db/mult_71n.v Line: 28
Info (12128): Elaborating entity "mult_71n" for hierarchy "mult:\mult_generation:0:mult_inst|lpm_mult:lpm_mult_component|mult_71n:auto_generated" File: c:/intelfpga_lite/18.1/quartus/libraries/megafunctions/lpm_mult.tdf Line: 376
Info (286030): Timing-Driven Synthesis is running
Info (16010): Generating hard_block partition "hard_block:auto_generated_inst"
    Info (16011): Adding 0 node(s), including 0 DDIO, 0 PLL, 0 transceiver and 0 LCELL
Info (21057): Implemented 339 device resources after synthesis - the final resource count might be different
    Info (21058): Implemented 19 input pins
    Info (21059): Implemented 16 output pins
    Info (21061): Implemented 288 logic cells
    Info (21062): Implemented 16 DSP elements
Info: Quartus Prime Analysis & Synthesis was successful. 0 errors, 2 warnings
    Info: Peak virtual memory: 4937 megabytes
    Info: Processing ended: Mon Nov 17 16:01:09 2025
    Info: Elapsed time: 00:00:09
    Info: Total CPU time (on all processors): 00:00:16


